Date,Adj Close,Close,High,Low,Open,Volume
,BEL.NS,BEL.NS,BEL.NS,BEL.NS,BEL.NS,BEL.NS
2022-01-03 00:00:00+00:00,67.13571166992188,70.41666412353516,70.73332977294922,69.83333587646484,69.91666412353516,8974341
2022-01-04 00:00:00+00:00,68.69293975830078,72.05000305175781,73.01666259765625,70.4000015258789,70.83333587646484,31336737
2022-01-05 00:00:00+00:00,67.7872085571289,71.0999984741211,72.30000305175781,70.86666870117188,71.91666412353516,11957511
2022-01-06 00:00:00+00:00,67.34228515625,70.63333129882812,71.05000305175781,70.19999694824219,70.33333587646484,8820915
2022-01-07 00:00:00+00:00,66.11874389648438,69.3499984741211,71.31666564941406,69.16666412353516,70.63333129882812,12974964
2022-01-10 00:00:00+00:00,67.00859832763672,70.28333282470703,70.5,69.33333587646484,69.6500015258789,9408897
2022-01-11 00:00:00+00:00,66.88146209716797,70.1500015258789,70.71666717529297,69.51666259765625,70.33333587646484,10022118
2022-01-12 00:00:00+00:00,66.92914581298828,70.19999694824219,70.6500015258789,69.5999984741211,70.33333587646484,7794744
2022-01-13 00:00:00+00:00,66.59545135498047,69.8499984741211,70.76666259765625,69.08333587646484,70.63333129882812,12144687
2022-01-14 00:00:00+00:00,69.9482650756836,73.36666870117188,74.03333282470703,69.46666717529297,69.69999694824219,27463650
2022-01-17 00:00:00+00:00,68.80416870117188,72.16666412353516,74.26666259765625,71.93333435058594,74.0,28842888
2022-01-18 00:00:00+00:00,66.21408081054688,69.44999694824219,72.83333587646484,69.19999694824219,72.76666259765625,17939775
2022-01-19 00:00:00+00:00,66.15052032470703,69.38333129882812,70.13333129882812,68.33333587646484,69.71666717529297,30378717
2022-01-20 00:00:00+00:00,67.48529052734375,70.78333282470703,70.93333435058594,69.1500015258789,69.66666412353516,20278191
2022-01-21 00:00:00+00:00,65.76915740966797,68.98332977294922,70.55000305175781,68.33333587646484,70.46666717529297,17723898
2022-01-24 00:00:00+00:00,62.70236587524414,65.76666259765625,69.58333587646484,65.01666259765625,68.98332977294922,20025537
2022-01-25 00:00:00+00:00,64.89519500732422,68.06666564941406,68.5,64.73332977294922,65.43333435058594,29718342
2022-01-27 00:00:00+00:00,65.11766815185547,68.30000305175781,68.76666259765625,66.05000305175781,67.30000305175781,23800311
2022-01-28 00:00:00+00:00,65.81684112548828,69.03333282470703,70.33333587646484,68.44999694824219,68.91666412353516,24666333
2022-01-31 00:00:00+00:00,66.64312744140625,69.9000015258789,73.25,69.21666717529297,71.56666564941406,53776260
2022-02-01 00:00:00+00:00,65.91217041015625,69.13333129882812,70.81666564941406,67.78333282470703,70.55000305175781,29395494
2022-02-02 00:00:00+00:00,66.976806640625,70.25,70.73332977294922,69.5,69.8499984741211,30206025
2022-02-03 00:00:00+00:00,66.08696746826172,69.31666564941406,70.48332977294922,69.18333435058594,70.33333587646484,11555226
2022-02-04 00:00:00+00:00,65.08589172363281,68.26666259765625,69.86666870117188,68.11666870117188,69.81666564941406,17933076
2022-02-07 00:00:00+00:00,64.22783660888672,67.36666870117188,68.5999984741211,66.53333282470703,68.30000305175781,18325029
2022-02-08 00:00:00+00:00,63.40153121948242,66.5,67.96666717529297,65.46666717529297,67.4000015258789,26278878
2022-02-09 00:00:00+00:00,64.87450408935547,67.53333282470703,67.75,66.03333282470703,66.46666717529297,15305202
2022-02-10 00:00:00+00:00,64.93854522705078,67.5999984741211,68.25,66.83333587646484,67.6500015258789,12104241
2022-02-11 00:00:00+00:00,64.1540298461914,66.78333282470703,67.88333129882812,66.61666870117188,66.94999694824219,11505933
2022-02-14 00:00:00+00:00,62.72909927368164,65.30000305175781,66.46666717529297,64.28333282470703,65.66666412353516,31961610
2022-02-15 00:00:00+00:00,63.70572280883789,66.31666564941406,66.46666717529297,64.19999694824219,65.4000015258789,10746255
2022-02-16 00:00:00+00:00,63.72174072265625,66.33333587646484,67.11666870117188,65.51666259765625,66.58333587646484,13420629
2022-02-17 00:00:00+00:00,64.36216735839844,67.0,68.21666717529297,66.1500015258789,66.41666412353516,19166469
2022-02-18 00:00:00+00:00,64.04196166992188,66.66666412353516,67.19999694824219,66.33333587646484,66.66666412353516,10616886
2022-02-21 00:00:00+00:00,63.44956588745117,66.05000305175781,67.28333282470703,65.61666870117188,66.0,10470885
2022-02-22 00:00:00+00:00,63.193397521972656,65.78333282470703,66.69999694824219,64.44999694824219,65.0,20409699
2022-02-23 00:00:00+00:00,63.72174072265625,66.33333587646484,66.8499984741211,65.80000305175781,65.80000305175781,10145349
2022-02-24 00:00:00+00:00,60.15140151977539,62.61666488647461,65.58333587646484,62.33333206176758,65.23332977294922,24915339
2022-02-25 00:00:00+00:00,64.08998107910156,66.71666717529297,67.05000305175781,63.96666717529297,64.28333282470703,22461840
2022-02-28 00:00:00+00:00,67.38814544677734,70.1500015258789,70.5,65.4000015258789,65.68333435058594,35587689
2022-03-02 00:00:00+00:00,69.16531372070312,72.0,73.19999694824219,69.18333435058594,69.18333435058594,51608091
2022-03-03 00:00:00+00:00,68.86111450195312,71.68333435058594,73.31666564941406,70.88333129882812,72.66666412353516,28625697
2022-03-04 00:00:00+00:00,68.81307220458984,71.63333129882812,74.91666412353516,70.8499984741211,71.33333587646484,46128378
2022-03-07 00:00:00+00:00,68.60493469238281,71.41666412353516,72.80000305175781,68.8499984741211,70.93333435058594,38244033
2022-03-08 00:00:00+00:00,68.20467376708984,71.0,72.58333587646484,69.4000015258789,72.1500015258789,20461842
2022-03-09 00:00:00+00:00,71.23067474365234,74.1500015258789,75.11666870117188,71.06666564941406,71.46666717529297,30245265
2022-03-10 00:00:00+00:00,69.40546417236328,72.25,75.5,71.88333129882812,75.11666870117188,37328694
2022-03-11 00:00:00+00:00,68.78105926513672,71.5999984741211,72.93333435058594,71.36666870117188,72.75,29348391
2022-03-14 00:00:00+00:00,67.18000793457031,69.93333435058594,72.03333282470703,69.73332977294922,72.0,28491564
2022-03-15 00:00:00+00:00,65.81910705566406,68.51666259765625,70.05000305175781,67.75,69.33333587646484,23328489
2022-03-16 00:00:00+00:00,66.92384338378906,69.66666412353516,69.96666717529297,68.86666870117188,69.63333129882812,23656146
2022-03-17 00:00:00+00:00,67.05194091796875,69.80000305175781,70.5999984741211,69.0,70.06666564941406,36269526
2022-03-21 00:00:00+00:00,66.89181518554688,69.63333129882812,71.46666717529297,68.96666717529297,70.0,38413833
2022-03-22 00:00:00+00:00,67.18000793457031,69.93333435058594,70.21666717529297,68.33333587646484,69.76666259765625,19632078
2022-03-23 00:00:00+00:00,66.4114990234375,69.13333129882812,71.30000305175781,68.94999694824219,71.30000305175781,33279774
2022-03-24 00:00:00+00:00,66.92757415771484,69.16666412353516,69.68333435058594,68.08333587646484,68.63333129882812,15609300
2022-03-25 00:00:00+00:00,66.4437484741211,68.66666412353516,69.4000015258789,68.31666564941406,69.36666870117188,22413369
2022-03-28 00:00:00+00:00,66.13733673095703,68.3499984741211,68.93333435058594,67.8499984741211,68.66666412353516,13461477
2022-03-29 00:00:00+00:00,66.89531707763672,69.13333129882812,69.53333282470703,68.5,68.66666412353516,12104067
2022-03-30 00:00:00+00:00,67.2339859008789,69.48332977294922,70.63333129882812,69.21666717529297,70.63333129882812,22181898
2022-03-31 00:00:00+00:00,67.99195861816406,70.26666259765625,70.78333282470703,68.91666412353516,70.06666564941406,21738033
2022-04-01 00:00:00+00:00,69.37889862060547,71.69999694824219,72.33333587646484,70.08333587646484,70.31666564941406,45845880
2022-04-04 00:00:00+00:00,70.7819595336914,73.1500015258789,73.44999694824219,71.93333435058594,72.5,29426580
2022-04-05 00:00:00+00:00,70.50779724121094,72.86666870117188,74.56666564941406,72.5,73.80000305175781,29299197
2022-04-06 00:00:00+00:00,70.95936584472656,73.33333587646484,73.66666412353516,72.4000015258789,72.66666412353516,27765654
2022-04-07 00:00:00+00:00,75.58783721923828,78.11666870117188,79.30000305175781,73.8499984741211,74.0,162897504
2022-04-08 00:00:00+00:00,77.28118896484375,79.86666870117188,80.73332977294922,78.31666564941406,79.56666564941406,86792331
2022-04-11 00:00:00+00:00,78.68424224853516,81.31666564941406,82.73332977294922,80.3499984741211,80.61666870117188,53098242
2022-04-12 00:00:00+00:00,78.18431091308594,80.80000305175781,82.13333129882812,79.1500015258789,81.31666564941406,34166946
2022-04-13 00:00:00+00:00,79.70025634765625,82.36666870117188,83.41666412353516,81.3499984741211,81.3499984741211,35185764
2022-04-18 00:00:00+00:00,82.23222351074219,84.98332977294922,85.43333435058594,81.41666412353516,82.0,58066713
2022-04-19 00:00:00+00:00,80.73239135742188,83.43333435058594,86.5,82.68333435058594,85.0,39192846
2022-04-20 00:00:00+00:00,81.70002746582031,84.43333435058594,85.19999694824219,83.53333282470703,84.23332977294922,31402827
2022-04-21 00:00:00+00:00,81.57099914550781,84.30000305175781,86.23332977294922,83.96666717529297,84.81666564941406,32102493
2022-04-22 00:00:00+00:00,81.1678237915039,83.88333129882812,85.55000305175781,83.61666870117188,84.1500015258789,14025423
2022-04-25 00:00:00+00:00,79.28095245361328,81.93333435058594,83.33333587646484,80.91666412353516,83.33333587646484,15988692
2022-04-26 00:00:00+00:00,80.7968978881836,83.5,84.46666717529297,82.33333587646484,82.3499984741211,16455561
2022-04-27 00:00:00+00:00,79.5067367553711,82.16666412353516,82.98332977294922,80.94999694824219,82.51666259765625,13818495
2022-04-28 00:00:00+00:00,79.55511474609375,82.21666717529297,83.33333587646484,81.16666412353516,83.33333587646484,9256521
2022-04-29 00:00:00+00:00,76.94252014160156,79.51666259765625,83.28333282470703,78.91666412353516,82.58333587646484,21932493
2022-05-02 00:00:00+00:00,76.8134994506836,79.38333129882812,79.80000305175781,77.9000015258789,78.33333587646484,13942155
2022-05-04 00:00:00+00:00,74.57183837890625,77.06666564941406,79.94999694824219,76.26666259765625,79.66666412353516,16041333
2022-05-05 00:00:00+00:00,75.76524353027344,78.30000305175781,79.46666717529297,77.33333587646484,78.28333282470703,18857412
2022-05-06 00:00:00+00:00,73.58808135986328,76.05000305175781,78.08333587646484,75.75,77.41666412353516,16795458
2022-05-09 00:00:00+00:00,72.73332977294922,75.16666412353516,75.71666717529297,73.83333587646484,75.0,23472795
2022-05-10 00:00:00+00:00,71.89472961425781,74.30000305175781,76.46666717529297,74.03333282470703,75.0,13234959
2022-05-11 00:00:00+00:00,70.63680267333984,73.0,75.06666564941406,71.91666412353516,74.96666717529297,17541396
2022-05-12 00:00:00+00:00,70.41102600097656,72.76666259765625,74.38333129882812,72.05000305175781,73.33333587646484,23454804
2022-05-13 00:00:00+00:00,70.5561752319336,72.91666412353516,75.23332977294922,72.36666870117188,73.46666717529297,12118287
2022-05-16 00:00:00+00:00,73.16878509521484,75.61666870117188,75.8499984741211,72.0999984741211,72.93333435058594,15258537
2022-05-17 00:00:00+00:00,75.07177734375,77.58333587646484,77.96666717529297,75.38333129882812,76.26666259765625,17055900
2022-05-18 00:00:00+00:00,75.18466186523438,77.69999694824219,79.08333587646484,77.33333587646484,78.16666412353516,18878982
2022-05-19 00:00:00+00:00,73.37843322753906,75.83333587646484,76.93333435058594,74.73332977294922,76.5,11176905
2022-05-20 00:00:00+00:00,75.78135681152344,78.31666564941406,79.44999694824219,76.51666259765625,77.0,17729133
2022-05-23 00:00:00+00:00,74.63634490966797,77.13333129882812,80.06666564941406,76.76666259765625,78.75,15413691
2022-05-24 00:00:00+00:00,74.71698760986328,77.21666717529297,77.78333282470703,73.03333282470703,73.33333587646484,36815832
2022-05-25 00:00:00+00:00,73.00749206542969,75.44999694824219,78.48332977294922,75.16666412353516,77.33333587646484,12376107
2022-05-26 00:00:00+00:00,72.89461517333984,75.33333587646484,76.51666259765625,74.19999694824219,75.73332977294922,11313504
2022-05-27 00:00:00+00:00,74.47506713867188,76.96666717529297,77.55000305175781,75.73332977294922,76.66666412353516,11187723
2022-05-30 00:00:00+00:00,74.3944320678711,76.88333129882812,78.43333435058594,76.33333587646484,77.96666717529297,8326164
2022-05-31 00:00:00+00:00,75.71685028076172,78.25,78.6500015258789,76.55000305175781,77.13333129882812,13674072
2022-06-01 00:00:00+00:00,79.37771606445312,82.03333282470703,82.56666564941406,78.25,78.44999694824219,34360020
2022-06-02 00:00:00+00:00,79.26482391357422,81.91666412353516,83.18333435058594,81.38333129882812,82.73332977294922,26049855
2022-06-03 00:00:00+00:00,78.13592529296875,80.75,82.6500015258789,80.58333587646484,82.33333587646484,11056728
2022-06-06 00:00:00+00:00,78.50685119628906,81.13333129882812,81.78333282470703,79.43333435058594,80.30000305175781,13057254
2022-06-07 00:00:00+00:00,79.28095245361328,81.93333435058594,82.8499984741211,80.71666717529297,82.0,28241430
2022-06-08 00:00:00+00:00,79.11967468261719,81.76666259765625,83.48332977294922,81.3499984741211,82.31666564941406,24623397
2022-06-09 00:00:00+00:00,79.2003173828125,81.8499984741211,82.48332977294922,81.03333282470703,81.73332977294922,6650814
2022-06-10 00:00:00+00:00,79.57124328613281,82.23332977294922,82.48332977294922,80.5,81.0,9887892
2022-06-13 00:00:00+00:00,75.95877075195312,78.5,81.0,78.28333282470703,81.0,13056528
2022-06-14 00:00:00+00:00,77.84563446044922,80.44999694824219,80.80000305175781,78.01666259765625,78.01666259765625,11702244
2022-06-15 00:00:00+00:00,77.4585952758789,80.05000305175781,81.21666717529297,79.61666870117188,81.03333282470703,9599067
2022-06-16 00:00:00+00:00,74.95889282226562,77.46666717529297,81.30000305175781,77.03333282470703,80.4000015258789,12906030
2022-06-17 00:00:00+00:00,75.70072937011719,78.23332977294922,79.55000305175781,76.26666259765625,76.66666412353516,20333781
2022-06-20 00:00:00+00:00,73.26554107666016,75.71666717529297,78.75,74.56666564941406,78.33333587646484,12914700
2022-06-21 00:00:00+00:00,74.26541137695312,76.75,77.46666717529297,76.08333587646484,76.61666870117188,12811437
2022-06-22 00:00:00+00:00,72.84623718261719,75.28333282470703,76.6500015258789,75.01666259765625,76.38333129882812,11056173
2022-06-23 00:00:00+00:00,73.18489837646484,75.63333129882812,76.0999984741211,75.01666259765625,75.5999984741211,9004842
2022-06-24 00:00:00+00:00,75.31369018554688,77.83333587646484,77.96666717529297,76.0999984741211,76.31666564941406,9668958
2022-06-27 00:00:00+00:00,77.42633056640625,80.01666259765625,80.43333435058594,78.23332977294922,78.33333587646484,14977953
2022-06-28 00:00:00+00:00,76.26518249511719,78.81666564941406,80.16666412353516,78.26666259765625,79.81666564941406,9497565
2022-06-29 00:00:00+00:00,76.15229034423828,78.69999694824219,79.23332977294922,78.06666564941406,78.30000305175781,20182623
2022-06-30 00:00:00+00:00,75.5072021484375,78.03333282470703,79.73332977294922,77.26666259765625,78.5,19573899
2022-07-01 00:00:00+00:00,74.12027740478516,76.5999984741211,78.5,75.75,77.66666412353516,15324042
2022-07-04 00:00:00+00:00,74.08802795410156,76.56666564941406,77.55000305175781,75.6500015258789,76.23332977294922,13538427
2022-07-05 00:00:00+00:00,73.92674255371094,76.4000015258789,78.30000305175781,76.03333282470703,77.26666259765625,14922519
2022-07-06 00:00:00+00:00,74.52344512939453,77.01666259765625,77.23332977294922,74.71666717529297,76.5999984741211,21103464
2022-07-07 00:00:00+00:00,76.32968139648438,78.88333129882812,79.28333282470703,77.03333282470703,77.16666412353516,19351467
2022-07-08 00:00:00+00:00,76.12004089355469,78.66666412353516,80.81666564941406,77.81666564941406,79.36666870117188,21179418
2022-07-11 00:00:00+00:00,75.71685028076172,78.25,79.46666717529297,77.93333435058594,78.5999984741211,10090566
2022-07-12 00:00:00+00:00,74.91050720214844,77.41666412353516,78.93333435058594,76.73332977294922,77.83333587646484,12953874
2022-07-13 00:00:00+00:00,75.29754638671875,77.81666564941406,78.43333435058594,77.0,77.30000305175781,12866319
2022-07-14 00:00:00+00:00,76.57158660888672,79.13333129882812,79.31666564941406,77.88333129882812,78.0,16879224
2022-07-15 00:00:00+00:00,79.18419647216797,81.83333587646484,82.23332977294922,79.13333129882812,79.16666412353516,24300105
2022-07-18 00:00:00+00:00,82.0709457397461,84.81666564941406,86.93333435058594,83.05000305175781,83.25,114055476
2022-07-19 00:00:00+00:00,82.2967300415039,85.05000305175781,86.21666717529297,84.01666259765625,84.53333282470703,30352653
2022-07-20 00:00:00+00:00,82.21610260009766,84.96666717529297,86.16666412353516,84.33333587646484,86.03333282470703,16157313
2022-07-21 00:00:00+00:00,86.66718292236328,89.56666564941406,89.96666717529297,84.80000305175781,85.0,56209248
2022-07-22 00:00:00+00:00,86.05435180664062,88.93333435058594,90.03333282470703,88.46666717529297,89.94999694824219,28925541
2022-07-25 00:00:00+00:00,87.10260772705078,90.01666259765625,91.46666717529297,89.3499984741211,89.9000015258789,27481563
2022-07-26 00:00:00+00:00,86.08660888671875,88.96666717529297,90.33333587646484,87.66666412353516,90.25,16387791
2022-07-27 00:00:00+00:00,88.10250091552734,91.05000305175781,91.28333282470703,89.26666259765625,89.41666412353516,26434413
2022-07-28 00:00:00+00:00,87.8444595336914,90.78333282470703,92.30000305175781,90.38333129882812,91.33333587646484,26787639
2022-07-29 00:00:00+00:00,88.76371002197266,91.73332977294922,92.0999984741211,90.66666412353516,91.33333587646484,14660187
2022-08-01 00:00:00+00:00,91.66658020019531,94.73332977294922,95.93333435058594,90.96666717529297,92.06666564941406,24181113
2022-08-02 00:00:00+00:00,90.95698547363281,94.0,95.68333435058594,93.03333282470703,95.30000305175781,32577612
2022-08-03 00:00:00+00:00,89.2958984375,92.28333282470703,94.69999694824219,91.33333587646484,94.33333587646484,15700254
2022-08-04 00:00:00+00:00,91.65045928955078,94.71666717529297,95.83333587646484,91.98332977294922,92.75,39839988
2022-08-05 00:00:00+00:00,89.07012176513672,92.05000305175781,95.0,89.08333587646484,94.96666717529297,80363784
2022-08-08 00:00:00+00:00,91.40509796142578,93.94999694824219,94.53333282470703,91.5999984741211,91.81666564941406,21774303
2022-08-10 00:00:00+00:00,93.20498657226562,95.80000305175781,96.0999984741211,93.58333587646484,93.93333435058594,28967340
2022-08-11 00:00:00+00:00,93.22120666503906,95.81666564941406,97.41666412353516,95.21666717529297,96.16666412353516,23053884
2022-08-12 00:00:00+00:00,94.40492248535156,97.03333282470703,97.38333129882812,95.73332977294922,96.0,13774848
2022-08-16 00:00:00+00:00,95.26432800292969,97.91666412353516,98.44999694824219,96.71666717529297,97.5,18326535
2022-08-17 00:00:00+00:00,94.48600769042969,97.11666870117188,98.56666564941406,96.86666870117188,98.41666412353516,12973041
2022-08-18 00:00:00+00:00,93.64280700683594,96.25,98.16666412353516,95.58333587646484,97.01666259765625,16134525
2022-08-19 00:00:00+00:00,92.45909881591797,95.03333282470703,97.4000015258789,94.44999694824219,96.5,17598678
2022-08-22 00:00:00+00:00,93.75631713867188,96.36666870117188,96.75,94.26666259765625,95.0,18811092
2022-08-23 00:00:00+00:00,96.7885513305664,99.48332977294922,99.86666870117188,95.63333129882812,95.76666259765625,30535758
2022-08-24 00:00:00+00:00,95.36161041259766,98.01666259765625,100.30000305175781,97.16666412353516,100.0,20796507
2022-08-25 00:00:00+00:00,96.22102355957031,98.9000015258789,99.76666259765625,98.3499984741211,98.51666259765625,22580238
2022-08-26 00:00:00+00:00,99.02625274658203,101.78333282470703,102.63333129882812,99.16666412353516,99.16666412353516,31345068
2022-08-29 00:00:00+00:00,100.16131591796875,102.94999694824219,103.76666259765625,100.21666717529297,100.5999984741211,27834195
2022-08-30 00:00:00+00:00,99.39920043945312,102.16666412353516,103.94999694824219,101.05000305175781,103.76666259765625,25458348
2022-09-01 00:00:00+00:00,103.71244812011719,106.5999984741211,106.93333435058594,102.0,102.28333282470703,33768936
2022-09-02 00:00:00+00:00,105.25289154052734,108.18333435058594,109.9000015258789,106.83333587646484,107.0,37018653
2022-09-05 00:00:00+00:00,106.33930969238281,109.30000305175781,109.63333129882812,108.11666870117188,109.28333282470703,24073551
2022-09-06 00:00:00+00:00,105.60963439941406,108.55000305175781,111.26666259765625,108.26666259765625,109.81666564941406,28364094
2022-09-07 00:00:00+00:00,106.77711486816406,109.75,109.91666412353516,108.58333587646484,108.80000305175781,14016204
2022-09-08 00:00:00+00:00,106.42037963867188,109.38333129882812,110.46666717529297,109.03333282470703,110.33333587646484,13824843
2022-09-09 00:00:00+00:00,106.42037963867188,109.38333129882812,110.93333435058594,109.23332977294922,109.66666412353516,16733637
2022-09-12 00:00:00+00:00,109.79314422607422,112.8499984741211,113.26666259765625,108.68333435058594,109.94999694824219,39074646
2022-09-13 00:00:00+00:00,108.90132141113281,111.93333435058594,113.86666870117188,111.68333435058594,113.5,18851928
2022-09-14 00:00:00+00:00,108.9337387084961,111.96666717529297,113.1500015258789,111.01666259765625,111.66666412353516,48838458
2022-09-15 00:00:00+00:00,108.0905532836914,111.0999984741211,114.6500015258789,108.5999984741211,114.6500015258789,25552945
2022-09-16 00:00:00+00:00,107.9932632446289,111.0,113.5,109.44999694824219,111.3499984741211,27675466
2022-09-19 00:00:00+00:00,107.50682067871094,110.5,113.75,110.0,112.3499984741211,18503444
2022-09-20 00:00:00+00:00,107.21492767333984,110.19999694824219,112.0999984741211,110.0,111.5,13735873
2022-09-21 00:00:00+00:00,105.51233673095703,108.44999694824219,110.55000305175781,107.6500015258789,110.4000015258789,16931740
2022-09-22 00:00:00+00:00,107.02035522460938,110.0,112.0,107.5999984741211,108.5999984741211,20701188
2022-09-23 00:00:00+00:00,103.7610855102539,106.6500015258789,111.0,106.0999984741211,110.55000305175781,15215768
2022-09-26 00:00:00+00:00,97.97225952148438,100.69999694824219,105.0,99.5,105.0,41567351
2022-09-27 00:00:00+00:00,97.0479965209961,99.75,101.8499984741211,98.44999694824219,101.25,28782718
2022-09-28 00:00:00+00:00,96.46426391601562,99.1500015258789,100.94999694824219,98.5999984741211,99.0,24892912
2022-09-29 00:00:00+00:00,96.31832122802734,99.0,100.69999694824219,98.3499984741211,99.9000015258789,74476855
2022-09-30 00:00:00+00:00,98.21549224853516,100.94999694824219,101.3499984741211,96.25,99.3499984741211,28502920
2022-10-03 00:00:00+00:00,95.783203125,98.44999694824219,103.0,98.0999984741211,101.44999694824219,21407465
2022-10-04 00:00:00+00:00,99.28570556640625,102.05000305175781,102.44999694824219,99.8499984741211,100.25,14768228
2022-10-06 00:00:00+00:00,101.81527709960938,104.6500015258789,105.0,102.4000015258789,102.94999694824219,20520361
2022-10-07 00:00:00+00:00,103.37194061279297,106.25,106.5,104.0,105.19999694824219,20045623
2022-10-10 00:00:00+00:00,101.62068176269531,104.44999694824219,105.5999984741211,103.94999694824219,105.0999984741211,11511957
2022-10-11 00:00:00+00:00,100.25862121582031,103.05000305175781,105.4000015258789,102.55000305175781,105.0,11739022
2022-10-12 00:00:00+00:00,100.45318603515625,103.25,103.44999694824219,101.0,102.6500015258789,6659580
2022-10-13 00:00:00+00:00,98.65330505371094,101.4000015258789,104.4000015258789,101.05000305175781,103.25,7795689
2022-10-14 00:00:00+00:00,98.0695571899414,100.80000305175781,103.5999984741211,100.44999694824219,103.0,7476515
2022-10-17 00:00:00+00:00,99.04247283935547,101.80000305175781,102.75,99.94999694824219,100.5,9943468
2022-10-18 00:00:00+00:00,103.0800552368164,105.94999694824219,106.9000015258789,102.05000305175781,102.3499984741211,21766333
2022-10-19 00:00:00+00:00,103.03141021728516,105.9000015258789,109.19999694824219,105.30000305175781,106.6500015258789,22878764
2022-10-20 00:00:00+00:00,105.07453155517578,108.0,109.1500015258789,106.55000305175781,106.80000305175781,25579790
2022-10-21 00:00:00+00:00,100.74506378173828,103.55000305175781,108.94999694824219,102.69999694824219,108.55000305175781,19880033
2022-10-24 00:00:00+00:00,101.9612045288086,104.80000305175781,105.3499984741211,104.3499984741211,104.5999984741211,3728536
2022-10-25 00:00:00+00:00,102.2044448852539,105.05000305175781,105.5,103.55000305175781,105.0,13217298
2022-10-27 00:00:00+00:00,104.9285888671875,107.8499984741211,108.9000015258789,105.19999694824219,105.6500015258789,29990758
2022-10-28 00:00:00+00:00,102.49630737304688,105.3499984741211,108.55000305175781,103.9000015258789,108.0,20059496
2022-10-31 00:00:00+00:00,103.95567321777344,106.8499984741211,107.19999694824219,105.1500015258789,105.9000015258789,12793983
2022-11-01 00:00:00+00:00,105.56098175048828,108.5,110.4000015258789,106.75,107.30000305175781,26521676
2022-11-02 00:00:00+00:00,104.19890594482422,107.0999984741211,110.25,106.80000305175781,108.5,19881462
2022-11-03 00:00:00+00:00,106.97169494628906,109.94999694824219,112.19999694824219,106.5,106.80000305175781,34173239
2022-11-04 00:00:00+00:00,105.99878692626953,108.94999694824219,111.4000015258789,108.5999984741211,110.5999984741211,22356935
2022-11-07 00:00:00+00:00,106.67984771728516,109.6500015258789,110.30000305175781,108.80000305175781,109.4000015258789,15333789
2022-11-09 00:00:00+00:00,105.12318420410156,108.05000305175781,111.19999694824219,107.6500015258789,110.19999694824219,17033165
2022-11-10 00:00:00+00:00,103.80973815917969,106.69999694824219,108.5,104.69999694824219,108.05000305175781,12937603
2022-11-11 00:00:00+00:00,104.39347839355469,107.30000305175781,108.44999694824219,106.69999694824219,108.0,11075218
2022-11-14 00:00:00+00:00,103.71244812011719,106.5999984741211,107.6500015258789,105.44999694824219,107.30000305175781,10547759
2022-11-15 00:00:00+00:00,104.15026092529297,107.05000305175781,107.4000015258789,105.44999694824219,106.69999694824219,11675691
2022-11-16 00:00:00+00:00,105.36640167236328,108.30000305175781,109.80000305175781,107.3499984741211,108.94999694824219,27372424
2022-11-17 00:00:00+00:00,107.60409545898438,110.5999984741211,111.3499984741211,108.0999984741211,108.19999694824219,26985734
2022-11-18 00:00:00+00:00,104.44213104248047,107.3499984741211,111.4000015258789,106.4000015258789,110.8499984741211,23962357
2022-11-21 00:00:00+00:00,102.93412017822266,105.80000305175781,107.19999694824219,104.5,107.0999984741211,16407321
2022-11-22 00:00:00+00:00,104.53941345214844,107.44999694824219,107.80000305175781,105.05000305175781,105.19999694824219,11999335
2022-11-23 00:00:00+00:00,104.00433349609375,106.9000015258789,109.0999984741211,106.3499984741211,108.0,21024176
2022-11-24 00:00:00+00:00,104.10162353515625,107.0,107.4000015258789,106.05000305175781,107.0,12820212
2022-11-25 00:00:00+00:00,104.24755859375,107.1500015258789,108.0,106.6500015258789,107.30000305175781,8834584
2022-11-28 00:00:00+00:00,104.49078369140625,107.4000015258789,108.75,106.94999694824219,107.0999984741211,11289089
2022-11-29 00:00:00+00:00,103.27464294433594,106.1500015258789,107.9000015258789,105.25,107.9000015258789,8717535
2022-11-30 00:00:00+00:00,102.25308227539062,105.0999984741211,106.55000305175781,104.1500015258789,106.5,27869373
2022-12-01 00:00:00+00:00,101.32881927490234,104.1500015258789,106.3499984741211,103.8499984741211,105.6500015258789,19098551
2022-12-02 00:00:00+00:00,103.27464294433594,106.1500015258789,106.44999694824219,104.30000305175781,104.55000305175781,13020973
2022-12-05 00:00:00+00:00,104.53941345214844,107.44999694824219,107.5999984741211,105.0,106.3499984741211,17476086
2022-12-06 00:00:00+00:00,102.83682250976562,105.69999694824219,108.4000015258789,105.5,107.25,13880227
2022-12-07 00:00:00+00:00,102.83682250976562,105.69999694824219,107.1500015258789,105.44999694824219,106.25,11943855
2022-12-08 00:00:00+00:00,102.44766998291016,105.30000305175781,105.5,104.25,105.0,15789329
2022-12-09 00:00:00+00:00,102.93412017822266,105.80000305175781,106.9000015258789,104.5,106.0,12630851
2022-12-12 00:00:00+00:00,101.71798706054688,104.55000305175781,106.55000305175781,104.0,106.0,19335542
2022-12-13 00:00:00+00:00,102.30172729492188,105.1500015258789,105.4000015258789,104.4000015258789,105.0999984741211,7421330
2022-12-14 00:00:00+00:00,102.59358978271484,105.44999694824219,105.6500015258789,104.8499984741211,105.1500015258789,6168426
2022-12-15 00:00:00+00:00,100.45318603515625,103.25,105.6500015258789,102.75,105.25,10186774
2022-12-16 00:00:00+00:00,96.75611877441406,99.44999694824219,102.4000015258789,97.8499984741211,102.25,38364152
2022-12-19 00:00:00+00:00,97.72903442382812,100.44999694824219,100.8499984741211,97.75,99.44999694824219,22872344
2022-12-20 00:00:00+00:00,98.55601501464844,101.30000305175781,101.5999984741211,99.0,100.75,10478941
2022-12-21 00:00:00+00:00,96.51289367675781,99.19999694824219,102.19999694824219,98.44999694824219,101.8499984741211,11606766
2022-12-22 00:00:00+00:00,95.58863067626953,98.25,99.9000015258789,96.80000305175781,99.5,14577136
2022-12-23 00:00:00+00:00,93.9346923828125,96.55000305175781,99.1500015258789,96.0,98.94999694824219,23099245
2022-12-26 00:00:00+00:00,96.56153869628906,99.25,99.8499984741211,94.6500015258789,96.5999984741211,12096095
2022-12-27 00:00:00+00:00,97.53445434570312,100.25,100.94999694824219,98.4000015258789,99.80000305175781,10240049
2022-12-28 00:00:00+00:00,97.0479965209961,99.75,100.9000015258789,99.25,99.5999984741211,9470020
2022-12-29 00:00:00+00:00,96.22102355957031,98.9000015258789,99.80000305175781,98.30000305175781,98.5,11367064
2022-12-30 00:00:00+00:00,97.19393157958984,99.9000015258789,101.3499984741211,99.25,99.4000015258789,9236774
2023-01-02 00:00:00+00:00,97.53445434570312,100.25,101.19999694824219,99.9000015258789,100.4000015258789,6973552
2023-01-03 00:00:00+00:00,97.63174438476562,100.3499984741211,100.9000015258789,99.80000305175781,100.30000305175781,8833881
2023-01-04 00:00:00+00:00,96.07508850097656,98.75,100.9000015258789,98.44999694824219,100.69999694824219,8927128
2023-01-05 00:00:00+00:00,97.2425765991211,99.94999694824219,100.1500015258789,98.30000305175781,99.0,10448282
2023-01-06 00:00:00+00:00,96.26966094970703,98.94999694824219,100.5,98.69999694824219,99.80000305175781,7215940
2023-01-09 00:00:00+00:00,97.2912368774414,100.0,101.69999694824219,99.5,99.9000015258789,11920266
2023-01-10 00:00:00+00:00,96.46426391601562,99.1500015258789,100.0999984741211,98.30000305175781,100.0,10397112
2023-01-11 00:00:00+00:00,97.48580932617188,100.19999694824219,100.75,99.55000305175781,100.3499984741211,11130194
2023-01-12 00:00:00+00:00,96.70748138427734,99.4000015258789,100.5,98.9000015258789,100.44999694824219,9299447
2023-01-13 00:00:00+00:00,97.2425765991211,99.94999694824219,100.0999984741211,97.4000015258789,99.5,11684608
2023-01-16 00:00:00+00:00,99.3343505859375,102.0999984741211,103.0,100.19999694824219,100.44999694824219,16485682
2023-01-17 00:00:00+00:00,100.1126708984375,102.9000015258789,103.0,101.5,102.3499984741211,11762030
2023-01-18 00:00:00+00:00,99.9180908203125,102.69999694824219,104.0,102.0999984741211,103.0999984741211,13005273
2023-01-19 00:00:00+00:00,100.06402587890625,102.8499984741211,103.0,101.8499984741211,102.0,4842895
2023-01-20 00:00:00+00:00,99.04247283935547,101.80000305175781,103.4000015258789,101.5999984741211,102.9000015258789,7912700
2023-01-23 00:00:00+00:00,98.79924011230469,101.55000305175781,102.5,101.0999984741211,102.3499984741211,9725869
2023-01-24 00:00:00+00:00,97.92362976074219,100.6500015258789,101.8499984741211,100.1500015258789,101.55000305175781,10169994
2023-01-25 00:00:00+00:00,96.46426391601562,99.1500015258789,100.9000015258789,98.80000305175781,100.19999694824219,9232812
2023-01-27 00:00:00+00:00,91.7456283569336,94.30000305175781,99.94999694824219,92.44999694824219,99.5999984741211,24624255
2023-01-30 00:00:00+00:00,86.5405502319336,88.94999694824219,92.94999694824219,87.0,92.94999694824219,62828817
2023-01-31 00:00:00+00:00,92.37800598144531,94.94999694824219,96.25,89.05000305175781,90.30000305175781,59004021
2023-02-01 00:00:00+00:00,88.48636627197266,90.94999694824219,97.25,89.05000305175781,97.0,44092961
2023-02-02 00:00:00+00:00,90.57813262939453,93.0999984741211,93.5,88.30000305175781,89.55000305175781,24502896
2023-02-03 00:00:00+00:00,91.30781555175781,93.8499984741211,94.4000015258789,91.69999694824219,93.4000015258789,15906920
2023-02-06 00:00:00+00:00,91.9402084350586,94.5,95.0,93.19999694824219,93.5,7015869
2023-02-07 00:00:00+00:00,91.89156341552734,94.44999694824219,95.0999984741211,93.75,94.5,10315670
2023-02-08 00:00:00+00:00,93.49687194824219,96.0999984741211,96.30000305175781,94.3499984741211,94.94999694824219,11577350
2023-02-09 00:00:00+00:00,93.20498657226562,95.80000305175781,96.69999694824219,95.55000305175781,96.3499984741211,6577385
2023-02-10 00:00:00+00:00,94.23299407958984,96.25,96.6500015258789,95.3499984741211,95.55000305175781,10685751
2023-02-13 00:00:00+00:00,92.6665267944336,94.6500015258789,97.19999694824219,94.44999694824219,96.25,13582939
2023-02-14 00:00:00+00:00,92.6175765991211,94.5999984741211,95.1500015258789,93.0999984741211,94.80000305175781,9624926
2023-02-15 00:00:00+00:00,92.6665267944336,94.6500015258789,94.80000305175781,93.4000015258789,94.05000305175781,11575131
2023-02-16 00:00:00+00:00,95.7015609741211,97.75,98.4000015258789,94.25,95.9000015258789,32927840
2023-02-17 00:00:00+00:00,94.42879486083984,96.44999694824219,98.6500015258789,96.19999694824219,97.55000305175781,20383244
2023-02-20 00:00:00+00:00,92.91129302978516,94.9000015258789,96.75,94.19999694824219,96.69999694824219,17505922
2023-02-21 00:00:00+00:00,93.54766082763672,95.55000305175781,96.19999694824219,94.5999984741211,95.94999694824219,11933886
2023-02-22 00:00:00+00:00,93.00919342041016,95.0,96.1500015258789,94.80000305175781,95.69999694824219,14589841
2023-02-23 00:00:00+00:00,93.40081787109375,95.4000015258789,95.69999694824219,93.6500015258789,95.0999984741211,16196352
2023-02-24 00:00:00+00:00,93.35185241699219,95.3499984741211,95.9000015258789,95.0,95.6500015258789,8061923
2023-02-27 00:00:00+00:00,93.40081787109375,95.4000015258789,95.69999694824219,93.1500015258789,95.3499984741211,13928820
2023-02-28 00:00:00+00:00,92.6175765991211,94.5999984741211,96.1500015258789,94.4000015258789,95.1500015258789,10965145
2023-03-01 00:00:00+00:00,95.01624298095703,97.05000305175781,97.0999984741211,94.80000305175781,95.19999694824219,14285091
2023-03-02 00:00:00+00:00,94.6735610961914,96.69999694824219,97.55000305175781,96.19999694824219,97.19999694824219,10048980
2023-03-03 00:00:00+00:00,93.84137725830078,95.8499984741211,97.69999694824219,95.5999984741211,97.25,7938348
2023-03-06 00:00:00+00:00,94.42879486083984,96.44999694824219,97.25,95.9000015258789,96.3499984741211,8289319
2023-03-08 00:00:00+00:00,94.08613586425781,96.0999984741211,96.4000015258789,94.5,96.25,14292676
2023-03-09 00:00:00+00:00,93.44974517822266,95.44999694824219,96.9000015258789,95.25,96.1500015258789,7884249
2023-03-10 00:00:00+00:00,92.91129302978516,94.9000015258789,95.5,93.55000305175781,94.30000305175781,9620249
2023-03-13 00:00:00+00:00,90.41472625732422,92.3499984741211,94.9000015258789,91.9000015258789,94.05000305175781,11482697
2023-03-14 00:00:00+00:00,90.80634307861328,92.75,92.94999694824219,91.19999694824219,92.8499984741211,14285446
2023-03-15 00:00:00+00:00,90.65949249267578,92.5999984741211,94.25,92.19999694824219,93.5,8318506
2023-03-16 00:00:00+00:00,89.97415924072266,91.9000015258789,92.69999694824219,89.6500015258789,92.69999694824219,12278142
2023-03-17 00:00:00+00:00,91.44271850585938,93.4000015258789,94.69999694824219,92.9000015258789,93.0999984741211,13158718
2023-03-20 00:00:00+00:00,90.70842742919922,92.6500015258789,93.3499984741211,91.75,93.0,6579446
2023-03-21 00:00:00+00:00,91.14900207519531,93.0999984741211,93.44999694824219,92.3499984741211,93.0,5886671
2023-03-22 00:00:00+00:00,90.70842742919922,92.6500015258789,93.94999694824219,92.5,93.5,6096408
2023-03-23 00:00:00+00:00,90.16996002197266,92.0999984741211,92.75,90.8499984741211,92.30000305175781,9969670
2023-03-24 00:00:00+00:00,90.21923828125,91.55000305175781,94.5,91.19999694824219,93.94999694824219,16650432
2023-03-27 00:00:00+00:00,90.41633605957031,91.75,93.75,91.3499984741211,93.0999984741211,15959308
2023-03-28 00:00:00+00:00,88.98741149902344,90.30000305175781,92.5,90.0,91.75,14999850
2023-03-29 00:00:00+00:00,90.21923828125,91.55000305175781,92.05000305175781,89.9000015258789,90.19999694824219,36103221
2023-03-31 00:00:00+00:00,96.13201904296875,97.55000305175781,98.44999694824219,94.25,94.25,64455094
2023-04-03 00:00:00+00:00,95.1958236694336,96.5999984741211,99.0,95.80000305175781,98.94999694824219,24154016
2023-04-05 00:00:00+00:00,96.82184600830078,98.25,98.44999694824219,95.05000305175781,95.05000305175781,24875169
2023-04-06 00:00:00+00:00,97.3145751953125,98.75,99.0,97.55000305175781,97.5999984741211,11440418
2023-04-10 00:00:00+00:00,98.44786071777344,99.9000015258789,100.55000305175781,98.75,98.9000015258789,10870304
2023-04-11 00:00:00+00:00,98.5464096069336,100.0,100.94999694824219,98.80000305175781,100.4000015258789,8458648
2023-04-12 00:00:00+00:00,99.33478546142578,100.80000305175781,101.0999984741211,99.5,100.1500015258789,8938731
2023-04-13 00:00:00+00:00,99.43331909179688,100.9000015258789,101.80000305175781,100.5,100.80000305175781,9153834
2023-04-17 00:00:00+00:00,99.92606353759766,101.4000015258789,101.5,100.0,101.0,8323162
2023-04-18 00:00:00+00:00,101.45352172851562,102.94999694824219,103.8499984741211,101.19999694824219,101.4000015258789,19758227
2023-04-19 00:00:00+00:00,99.92606353759766,101.4000015258789,103.0999984741211,101.25,103.0,11271768
2023-04-20 00:00:00+00:00,101.35498046875,102.8499984741211,103.30000305175781,101.3499984741211,101.5,13241812
2023-04-21 00:00:00+00:00,101.30571746826172,102.80000305175781,103.5,102.19999694824219,102.69999694824219,5625649
2023-04-24 00:00:00+00:00,100.32025146484375,101.80000305175781,103.19999694824219,101.5,102.80000305175781,5994078
2023-04-25 00:00:00+00:00,99.67969512939453,101.1500015258789,102.0,100.75,101.80000305175781,5696053
2023-04-26 00:00:00+00:00,100.17243194580078,101.6500015258789,101.9000015258789,100.4000015258789,100.80000305175781,4576455
2023-04-27 00:00:00+00:00,99.97532653808594,101.44999694824219,102.0999984741211,101.1500015258789,101.19999694824219,5362153
2023-04-28 00:00:00+00:00,101.79844665527344,103.30000305175781,103.44999694824219,101.25,101.94999694824219,11812226
2023-05-02 00:00:00+00:00,102.78390502929688,104.30000305175781,105.0999984741211,103.5,104.0,13598952
2023-05-03 00:00:00+00:00,104.80410766601562,106.3499984741211,106.55000305175781,103.6500015258789,104.1500015258789,16034319
2023-05-04 00:00:00+00:00,105.69102478027344,107.25,108.25,106.5,106.94999694824219,15414305
2023-05-05 00:00:00+00:00,104.75482940673828,106.30000305175781,107.94999694824219,105.80000305175781,107.05000305175781,9315810
2023-05-08 00:00:00+00:00,105.74029541015625,107.30000305175781,107.5,106.0,106.30000305175781,6721354
2023-05-09 00:00:00+00:00,105.98666381835938,107.55000305175781,108.1500015258789,106.5999984741211,107.19999694824219,10063354
2023-05-10 00:00:00+00:00,106.47940826416016,108.05000305175781,108.5999984741211,107.25,107.9000015258789,10360986
2023-05-11 00:00:00+00:00,107.02140045166016,108.5999984741211,109.0,107.5,108.25,9435021
2023-05-12 00:00:00+00:00,105.74029541015625,107.30000305175781,108.6500015258789,106.5999984741211,108.6500015258789,6855025
2023-05-15 00:00:00+00:00,106.08521270751953,107.6500015258789,108.5999984741211,106.9000015258789,107.0999984741211,7833289
2023-05-16 00:00:00+00:00,106.87358093261719,108.44999694824219,109.0999984741211,107.4000015258789,107.69999694824219,9051577
2023-05-17 00:00:00+00:00,106.67648315429688,108.25,109.75,107.94999694824219,108.80000305175781,9456088
2023-05-18 00:00:00+00:00,106.23302459716797,107.80000305175781,109.25,107.25,108.5,7220608
2023-05-19 00:00:00+00:00,105.44465637207031,107.0,107.8499984741211,105.69999694824219,107.80000305175781,9255095
2023-05-22 00:00:00+00:00,108.8445053100586,110.44999694824219,111.30000305175781,107.5999984741211,108.55000305175781,27946526
2023-05-23 00:00:00+00:00,106.33157348632812,107.9000015258789,111.05000305175781,107.75,110.94999694824219,15214733
2023-05-24 00:00:00+00:00,107.21849060058594,108.80000305175781,109.30000305175781,107.30000305175781,107.9000015258789,10722681
2023-05-25 00:00:00+00:00,108.0068588256836,109.5999984741211,110.75,108.0,108.0,11158044
2023-05-26 00:00:00+00:00,109.09086608886719,110.69999694824219,111.0,109.0999984741211,109.55000305175781,7958341
2023-05-29 00:00:00+00:00,109.82997131347656,111.44999694824219,111.80000305175781,110.19999694824219,111.0,10330215
2023-05-30 00:00:00+00:00,109.63288116455078,111.25,112.5999984741211,111.0,111.44999694824219,7803617
2023-05-31 00:00:00+00:00,110.5197982788086,112.1500015258789,112.44999694824219,110.19999694824219,110.55000305175781,15741522
2023-06-01 00:00:00+00:00,111.25890350341797,112.9000015258789,113.44999694824219,112.0,112.19999694824219,9185292
2023-06-02 00:00:00+00:00,111.65308380126953,113.30000305175781,113.5,112.0,113.4000015258789,9939324
2023-06-05 00:00:00+00:00,113.96891784667969,115.6500015258789,118.6500015258789,113.3499984741211,113.3499984741211,35214281
2023-06-06 00:00:00+00:00,116.33403778076172,118.05000305175781,118.5,115.9000015258789,116.25,18999553
2023-06-07 00:00:00+00:00,116.33403778076172,118.05000305175781,119.0,117.5,118.75,11262532
2023-06-08 00:00:00+00:00,115.84130859375,117.55000305175781,118.69999694824219,116.4000015258789,118.5,11188999
2023-06-09 00:00:00+00:00,118.60060119628906,120.3499984741211,121.44999694824219,116.69999694824219,118.0,19873573
2023-06-12 00:00:00+00:00,117.36876678466797,119.0999984741211,123.9000015258789,118.75,120.94999694824219,24331332
2023-06-13 00:00:00+00:00,120.32516479492188,122.0999984741211,122.44999694824219,118.9000015258789,119.9000015258789,16552079
2023-06-14 00:00:00+00:00,119.63533782958984,121.4000015258789,123.1500015258789,121.0999984741211,122.3499984741211,8660080
2023-06-15 00:00:00+00:00,120.1773452758789,121.94999694824219,122.75,120.05000305175781,121.4000015258789,13948239
2023-06-16 00:00:00+00:00,123.3801040649414,125.19999694824219,127.25,121.6500015258789,122.30000305175781,32649860
2023-06-19 00:00:00+00:00,123.03519439697266,124.8499984741211,126.3499984741211,124.44999694824219,126.3499984741211,10053869
2023-06-20 00:00:00+00:00,123.33082580566406,125.1500015258789,126.75,123.9000015258789,125.0,15471361
2023-06-21 00:00:00+00:00,121.0149917602539,122.80000305175781,126.30000305175781,121.75,126.1500015258789,14141162
2023-06-22 00:00:00+00:00,121.65553283691406,123.44999694824219,127.3499984741211,122.80000305175781,123.55000305175781,25032998
2023-06-23 00:00:00+00:00,118.30496215820312,120.05000305175781,123.9000015258789,119.5,123.75,12413343
2023-06-26 00:00:00+00:00,119.63533782958984,121.4000015258789,122.55000305175781,120.0,121.0,17369553
2023-06-27 00:00:00+00:00,116.67893981933594,118.4000015258789,122.5999984741211,117.9000015258789,122.0999984741211,19093714
2023-06-28 00:00:00+00:00,118.99478149414062,120.75,122.4000015258789,118.0999984741211,119.1500015258789,61890385
2023-06-30 00:00:00+00:00,123.92211151123047,125.75,126.69999694824219,120.75,121.4000015258789,27973500
2023-07-03 00:00:00+00:00,121.95118713378906,123.75,126.0,122.69999694824219,126.0,15492508
2023-07-04 00:00:00+00:00,120.27589416503906,122.05000305175781,124.19999694824219,121.55000305175781,124.0,7595425
2023-07-05 00:00:00+00:00,119.9802474975586,121.75,123.75,121.05000305175781,122.55000305175781,15615891
2023-07-06 00:00:00+00:00,122.98591613769531,124.80000305175781,125.0999984741211,121.9000015258789,122.30000305175781,16906327
2023-07-07 00:00:00+00:00,122.246826171875,124.05000305175781,125.9000015258789,123.6500015258789,124.3499984741211,22837962
2023-07-10 00:00:00+00:00,121.21207427978516,123.0,124.6500015258789,122.5,124.19999694824219,9068813
2023-07-11 00:00:00+00:00,125.54812622070312,127.4000015258789,128.64999389648438,123.4000015258789,123.44999694824219,46215137
2023-07-12 00:00:00+00:00,125.79449462890625,127.6500015258789,128.5,126.55000305175781,128.3000030517578,18031857
2023-07-13 00:00:00+00:00,123.67573547363281,125.5,128.8000030517578,125.0,127.75,12374030
2023-07-14 00:00:00+00:00,125.3017578125,127.1500015258789,127.5,124.0999984741211,126.0,9577719
2023-07-17 00:00:00+00:00,125.3017578125,127.1500015258789,128.25,126.4000015258789,127.80000305175781,9411535
2023-07-18 00:00:00+00:00,125.25248718261719,127.0999984741211,128.3000030517578,125.25,127.69999694824219,8994063
2023-07-19 00:00:00+00:00,125.0553970336914,126.9000015258789,127.75,126.69999694824219,127.75,8975718
2023-07-20 00:00:00+00:00,124.16847229003906,126.0,127.25,125.55000305175781,127.0,10187180
2023-07-21 00:00:00+00:00,123.13373565673828,124.94999694824219,126.6500015258789,124.75,126.3499984741211,9926528
2023-07-24 00:00:00+00:00,124.16847229003906,126.0,127.75,125.0,125.3499984741211,13121674
2023-07-25 00:00:00+00:00,125.20320892333984,127.05000305175781,127.19999694824219,125.3499984741211,126.55000305175781,7151050
2023-07-26 00:00:00+00:00,124.16847229003906,126.0,127.3499984741211,125.6500015258789,127.05000305175781,12681896
2023-07-27 00:00:00+00:00,125.40030670166016,127.25,128.8000030517578,126.0,126.19999694824219,11597763
2023-07-28 00:00:00+00:00,128.25814819335938,130.14999389648438,131.6999969482422,128.0,129.25,37245053
2023-07-31 00:00:00+00:00,128.80015563964844,130.6999969482422,131.0,128.85000610351562,130.3000030517578,16197160
2023-08-01 00:00:00+00:00,128.5537872314453,130.4499969482422,133.25,130.0500030517578,131.0,17079508
2023-08-02 00:00:00+00:00,123.52791595458984,125.3499984741211,130.6999969482422,123.69999694824219,130.4499969482422,20816954
2023-08-03 00:00:00+00:00,122.83809661865234,124.6500015258789,126.5,123.5,125.55000305175781,12415922
2023-08-04 00:00:00+00:00,125.74520874023438,127.5999984741211,128.0500030517578,125.5,126.30000305175781,10589274
2023-08-07 00:00:00+00:00,126.6814193725586,128.5500030517578,129.1999969482422,126.5999984741211,128.4499969482422,8339894
2023-08-08 00:00:00+00:00,127.2726821899414,129.14999389648438,130.0,127.5999984741211,128.6999969482422,12505272
2023-08-09 00:00:00+00:00,129.78561401367188,131.6999969482422,132.39999389648438,129.0,129.8000030517578,13111006
2023-08-10 00:00:00+00:00,127.51904296875,129.39999389648438,133.14999389648438,129.10000610351562,131.60000610351562,11116731
2023-08-11 00:00:00+00:00,130.1305389404297,132.0500030517578,133.25,129.5500030517578,130.1999969482422,10967883
2023-08-14 00:00:00+00:00,128.60305786132812,130.5,131.9499969482422,129.4499969482422,131.9499969482422,8529502
2023-08-16 00:00:00+00:00,129.3914337158203,131.3000030517578,131.89999389648438,129.4499969482422,130.75,7062446
2023-08-17 00:00:00+00:00,127.41146087646484,128.6999969482422,131.60000610351562,128.25,131.4499969482422,7162118
2023-08-18 00:00:00+00:00,125.8769760131836,127.1500015258789,129.60000610351562,126.75,128.25,8997702
2023-08-21 00:00:00+00:00,127.95596313476562,129.25,129.6999969482422,127.1500015258789,127.19999694824219,5063202
2023-08-22 00:00:00+00:00,131.9654083251953,133.3000030517578,133.6999969482422,129.35000610351562,129.6999969482422,20596242
2023-08-23 00:00:00+00:00,132.06439208984375,133.39999389648438,135.39999389648438,132.8000030517578,133.9499969482422,19426832
2023-08-24 00:00:00+00:00,133.0543975830078,134.39999389648438,135.5,133.60000610351562,135.0500030517578,17543374
2023-08-25 00:00:00+00:00,132.06439208984375,133.39999389648438,137.9499969482422,133.0500030517578,137.25,33919926
2023-08-28 00:00:00+00:00,133.54937744140625,134.89999389648438,136.39999389648438,134.60000610351562,136.10000610351562,13346571
2023-08-29 00:00:00+00:00,133.20291137695312,134.5500030517578,135.85000610351562,134.10000610351562,135.3000030517578,11118400
2023-08-30 00:00:00+00:00,133.20291137695312,134.5500030517578,135.5,134.25,135.5,12555619
2023-08-31 00:00:00+00:00,131.8664093017578,133.1999969482422,135.0500030517578,132.1999969482422,134.5500030517578,14954352
2023-09-01 00:00:00+00:00,136.4698486328125,137.85000610351562,138.39999389648438,133.89999389648438,134.0500030517578,23415545
2023-09-04 00:00:00+00:00,139.142822265625,140.5500030517578,142.35000610351562,139.1999969482422,139.5,28262276
2023-09-05 00:00:00+00:00,138.3013153076172,139.6999969482422,141.89999389648438,139.1999969482422,141.3000030517578,11695197
2023-09-06 00:00:00+00:00,136.9153594970703,138.3000030517578,140.75,137.75,140.5,10151022
2023-09-07 00:00:00+00:00,138.4498291015625,139.85000610351562,141.0,137.60000610351562,138.4499969482422,18438943
2023-09-08 00:00:00+00:00,141.8652801513672,143.3000030517578,144.3000030517578,140.1999969482422,140.5500030517578,16579557
2023-09-11 00:00:00+00:00,143.2512664794922,144.6999969482422,147.14999389648438,143.0500030517578,144.35000610351562,19902175
2023-09-12 00:00:00+00:00,132.806884765625,134.14999389648438,144.9499969482422,133.60000610351562,144.60000610351562,48752780
2023-09-13 00:00:00+00:00,134.48988342285156,135.85000610351562,136.9499969482422,133.3000030517578,135.0,19282289
2023-09-14 00:00:00+00:00,135.4303741455078,136.8000030517578,138.6999969482422,135.5,138.0,13197189
2023-09-15 00:00:00+00:00,134.3413848876953,135.6999969482422,138.1999969482422,135.10000610351562,137.5,9651337
2023-09-18 00:00:00+00:00,138.49932861328125,139.89999389648438,145.0,139.0,145.0,51859825
2023-09-20 00:00:00+00:00,135.52935791015625,136.89999389648438,140.10000610351562,136.25,140.0,19080613
2023-09-21 00:00:00+00:00,133.8958740234375,135.25,138.0,134.60000610351562,137.0,9531884
2023-09-22 00:00:00+00:00,134.68788146972656,136.0500030517578,136.89999389648438,134.0500030517578,134.14999389648438,12604969
2023-09-25 00:00:00+00:00,135.2323760986328,136.60000610351562,136.85000610351562,133.60000610351562,136.3000030517578,14984591
2023-09-26 00:00:00+00:00,136.2718505859375,137.64999389648438,138.3000030517578,135.89999389648438,136.60000610351562,12315581
2023-09-27 00:00:00+00:00,135.2323760986328,136.60000610351562,137.5500030517578,135.6999969482422,137.39999389648438,8713378
2023-09-28 00:00:00+00:00,133.6978759765625,135.0500030517578,138.0,134.60000610351562,136.89999389648438,22012674
2023-09-29 00:00:00+00:00,136.9153594970703,138.3000030517578,138.64999389648438,135.75,136.0,8504659
2023-10-03 00:00:00+00:00,137.80633544921875,139.1999969482422,140.60000610351562,137.1999969482422,137.89999389648438,19010910
2023-10-04 00:00:00+00:00,137.4598388671875,138.85000610351562,139.14999389648438,136.5500030517578,138.0,14912053
2023-10-05 00:00:00+00:00,137.55882263183594,138.9499969482422,141.35000610351562,138.10000610351562,139.5,15996620
2023-10-06 00:00:00+00:00,137.60833740234375,139.0,140.5,138.64999389648438,139.0,4987359
2023-10-09 00:00:00+00:00,134.39088439941406,135.75,137.60000610351562,135.0500030517578,136.1999969482422,10489249
2023-10-10 00:00:00+00:00,138.548828125,139.9499969482422,141.0,136.5,137.39999389648438,15593722
2023-10-11 00:00:00+00:00,136.370849609375,137.75,140.5,137.5,139.9499969482422,10778916
2023-10-12 00:00:00+00:00,136.81634521484375,138.1999969482422,138.6999969482422,137.1999969482422,137.9499969482422,7567439
2023-10-13 00:00:00+00:00,136.0738525390625,137.4499969482422,138.1999969482422,136.3000030517578,136.3000030517578,8303230
2023-10-16 00:00:00+00:00,136.02435302734375,137.39999389648438,137.89999389648438,136.5500030517578,137.0,7785480
2023-10-17 00:00:00+00:00,137.162841796875,138.5500030517578,138.89999389648438,137.5,137.5,6076896
2023-10-18 00:00:00+00:00,135.67787170410156,137.0500030517578,138.9499969482422,136.39999389648438,138.75,6806231
2023-10-19 00:00:00+00:00,135.62835693359375,137.0,137.1999969482422,135.0500030517578,136.0,7775836
2023-10-20 00:00:00+00:00,132.85638427734375,134.1999969482422,136.89999389648438,133.5,136.6999969482422,8982112
2023-10-23 00:00:00+00:00,131.3714141845703,132.6999969482422,135.89999389648438,131.39999389648438,134.3000030517578,19333777
2023-10-25 00:00:00+00:00,129.8864288330078,131.1999969482422,134.64999389648438,129.25,132.5,10225867
2023-10-26 00:00:00+00:00,127.55996704101562,128.85000610351562,130.1999969482422,127.0,130.0,18167694
2023-10-27 00:00:00+00:00,130.87640380859375,132.1999969482422,132.85000610351562,129.25,129.25,8761931
2023-10-30 00:00:00+00:00,130.62890625,131.9499969482422,133.9499969482422,130.8000030517578,133.5,9052085
2023-10-31 00:00:00+00:00,131.91590881347656,133.25,133.64999389648438,130.75,132.5,8098744
2023-11-01 00:00:00+00:00,131.0744171142578,132.39999389648438,134.5500030517578,132.0500030517578,133.75,10431945
2023-11-02 00:00:00+00:00,133.40087890625,134.75,135.0,133.3000030517578,133.6999969482422,4885035
2023-11-03 00:00:00+00:00,134.5888671875,135.9499969482422,137.0,134.75,135.14999389648438,9154983
2023-11-06 00:00:00+00:00,136.2718505859375,137.64999389648438,138.0,136.0,136.9499969482422,7070089
2023-11-07 00:00:00+00:00,136.6678466796875,138.0500030517578,138.9499969482422,136.6999969482422,137.5500030517578,8587321
2023-11-08 00:00:00+00:00,138.99432373046875,140.39999389648438,141.14999389648438,137.6999969482422,137.75,9755483
2023-11-09 00:00:00+00:00,136.56884765625,137.9499969482422,139.9499969482422,137.60000610351562,139.9499969482422,5481774
2023-11-10 00:00:00+00:00,137.41033935546875,138.8000030517578,139.10000610351562,137.0500030517578,137.5,5781314
2023-11-13 00:00:00+00:00,141.96426391601562,143.39999389648438,144.1999969482422,139.0500030517578,139.14999389648438,20245049
2023-11-15 00:00:00+00:00,141.6177978515625,143.0500030517578,145.39999389648438,142.5,144.5,11440473
2023-11-16 00:00:00+00:00,141.1723175048828,142.60000610351562,144.35000610351562,142.1999969482422,143.25,11453235
2023-11-17 00:00:00+00:00,144.6372528076172,146.10000610351562,146.5,141.8000030517578,142.85000610351562,13496261
2023-11-20 00:00:00+00:00,142.40977478027344,143.85000610351562,146.75,143.14999389648438,146.39999389648438,7741502
2023-11-21 00:00:00+00:00,141.41978454589844,142.85000610351562,144.5500030517578,142.25,144.14999389648438,9972235
2023-11-22 00:00:00+00:00,140.4298095703125,141.85000610351562,143.4499969482422,140.14999389648438,143.25,7445272
2023-11-23 00:00:00+00:00,137.95484924316406,139.35000610351562,142.5500030517578,139.10000610351562,141.85000610351562,13138745
2023-11-24 00:00:00+00:00,138.94482421875,140.35000610351562,142.14999389648438,137.35000610351562,139.9499969482422,19614754
2023-11-28 00:00:00+00:00,139.88531494140625,141.3000030517578,141.8000030517578,140.39999389648438,141.64999389648438,8595693
2023-11-29 00:00:00+00:00,139.58831787109375,141.0,142.64999389648438,140.5,142.0500030517578,14680789
2023-11-30 00:00:00+00:00,144.43923950195312,145.89999389648438,146.35000610351562,140.75,141.0,27591484
2023-12-01 00:00:00+00:00,145.97372436523438,147.4499969482422,150.3000030517578,146.75,147.9499969482422,34466616
2023-12-04 00:00:00+00:00,152.01268005371094,153.5500030517578,157.5,151.60000610351562,152.0,51416976
2023-12-05 00:00:00+00:00,150.47817993164062,152.0,155.10000610351562,149.9499969482422,153.6999969482422,29109123
2023-12-06 00:00:00+00:00,154.5866241455078,156.14999389648438,157.14999389648438,151.85000610351562,152.60000610351562,26688698
2023-12-07 00:00:00+00:00,158.7445831298828,160.35000610351562,161.8000030517578,158.25,161.8000030517578,51346222
2023-12-08 00:00:00+00:00,157.16061401367188,158.75,162.35000610351562,157.3000030517578,161.35000610351562,22869782
2023-12-11 00:00:00+00:00,159.6355743408203,161.25,163.25,159.14999389648438,159.8000030517578,22941648
2023-12-12 00:00:00+00:00,159.19007873535156,160.8000030517578,162.8000030517578,160.0,162.4499969482422,16306341
2023-12-13 00:00:00+00:00,161.21954345703125,162.85000610351562,163.89999389648438,159.39999389648438,160.1999969482422,16804086
2023-12-14 00:00:00+00:00,162.3580322265625,164.0,164.35000610351562,162.60000610351562,163.10000610351562,13887946
2023-12-15 00:00:00+00:00,167.35748291015625,169.0500030517578,170.1999969482422,165.25,166.0,39766631
2023-12-18 00:00:00+00:00,170.97093200683594,172.6999969482422,174.35000610351562,169.4499969482422,171.75,35901409
2023-12-19 00:00:00+00:00,171.3174285888672,173.0500030517578,174.39999389648438,171.10000610351562,172.89999389648438,14732129
2023-12-20 00:00:00+00:00,165.57550048828125,167.25,176.3000030517578,166.14999389648438,173.75,24511237
2023-12-21 00:00:00+00:00,168.9414520263672,170.64999389648438,171.85000610351562,164.0500030517578,165.0,22646625
2023-12-22 00:00:00+00:00,173.04989624023438,174.8000030517578,175.25,169.39999389648438,171.9499969482422,19640046
2023-12-26 00:00:00+00:00,180.12832641601562,181.9499969482422,184.5,178.0,178.0,52736391
2023-12-27 00:00:00+00:00,178.39584350585938,180.1999969482422,184.89999389648438,179.10000610351562,184.0,26206240
2023-12-28 00:00:00+00:00,180.87081909179688,182.6999969482422,184.25,180.8000030517578,181.5,20453485
2023-12-29 00:00:00+00:00,182.3557891845703,184.1999969482422,185.1999969482422,181.10000610351562,182.9499969482422,19305150
2024-01-01 00:00:00+00:00,183.09828186035156,184.9499969482422,187.0,184.4499969482422,184.8000030517578,18008785
2024-01-02 00:00:00+00:00,180.32632446289062,182.14999389648438,186.1999969482422,179.75,186.0,22790965
2024-01-03 00:00:00+00:00,180.52432250976562,182.35000610351562,184.6999969482422,180.60000610351562,182.35000610351562,18738690
2024-01-04 00:00:00+00:00,185.0287628173828,186.89999389648438,187.64999389648438,182.5,182.5,25403124
2024-01-05 00:00:00+00:00,184.08827209472656,185.9499969482422,188.64999389648438,184.0500030517578,187.6999969482422,22023938
2024-01-08 00:00:00+00:00,181.76181030273438,183.60000610351562,187.5,183.1999969482422,186.75,11472441
2024-01-09 00:00:00+00:00,182.80128479003906,184.64999389648438,186.6999969482422,184.1999969482422,184.89999389648438,11550790
2024-01-10 00:00:00+00:00,183.7417755126953,185.60000610351562,186.0,182.0500030517578,184.39999389648438,8701594
2024-01-11 00:00:00+00:00,182.50430297851562,184.35000610351562,187.64999389648438,183.8000030517578,187.0,10942508
2024-01-12 00:00:00+00:00,181.66281127929688,183.5,185.5,183.10000610351562,185.35000610351562,8853157
2024-01-15 00:00:00+00:00,186.76124572753906,188.64999389648438,189.89999389648438,184.10000610351562,184.89999389648438,24570393
2024-01-16 00:00:00+00:00,184.9297637939453,186.8000030517578,190.25,185.10000610351562,188.89999389648438,16471601
2024-01-17 00:00:00+00:00,183.79127502441406,185.64999389648438,188.5,183.8000030517578,186.3000030517578,16350370
2024-01-18 00:00:00+00:00,186.3157501220703,188.1999969482422,189.0,180.0,185.64999389648438,24831623
2024-01-19 00:00:00+00:00,189.92921447753906,191.85000610351562,193.6999969482422,190.0,190.0,22303305
2024-01-23 00:00:00+00:00,185.22677612304688,187.10000610351562,195.5,184.39999389648438,195.25,26628471
2024-01-24 00:00:00+00:00,187.35523986816406,189.25,190.1999969482422,184.0,186.8000030517578,14742783
2024-01-25 00:00:00+00:00,187.8007354736328,189.6999969482422,192.0,188.3000030517578,190.75,12592882
2024-01-29 00:00:00+00:00,188.98870849609375,190.89999389648438,193.6999969482422,187.5500030517578,190.0,28919512
2024-01-30 00:00:00+00:00,186.01873779296875,187.89999389648438,192.35000610351562,187.0,192.0,20894159
2024-01-31 00:00:00+00:00,184.0387725830078,185.89999389648438,189.10000610351562,184.85000610351562,188.1999969482422,23757415
2024-02-01 00:00:00+00:00,181.5637969970703,183.39999389648438,188.39999389648438,181.5500030517578,187.6999969482422,27835431
2024-02-02 00:00:00+00:00,182.75181579589844,184.60000610351562,187.75,183.85000610351562,185.0,27710061
2024-02-05 00:00:00+00:00,179.73233032226562,181.5500030517578,187.0,178.8000030517578,187.0,23880364
2024-02-06 00:00:00+00:00,181.26681518554688,183.10000610351562,183.5500030517578,180.6999969482422,182.39999389648438,12134363
2024-02-07 00:00:00+00:00,179.8808135986328,181.6999969482422,184.14999389648438,179.64999389648438,184.14999389648438,14192151
2024-02-08 00:00:00+00:00,182.9497833251953,184.8000030517578,187.10000610351562,181.75,182.1999969482422,29094709
2024-02-09 00:00:00+00:00,179.52133178710938,180.64999389648438,185.6999969482422,176.5,185.5,21081134
2024-02-12 00:00:00+00:00,173.55882263183594,174.64999389648438,183.10000610351562,173.64999389648438,181.25,19640568
2024-02-13 00:00:00+00:00,175.4966583251953,176.60000610351562,176.89999389648438,171.75,174.75,13961795
2024-02-14 00:00:00+00:00,180.46542358398438,181.60000610351562,182.14999389648438,175.3000030517578,177.25,23449380
2024-02-15 00:00:00+00:00,184.78822326660156,185.9499969482422,186.3000030517578,182.60000610351562,183.0,17335763
2024-02-16 00:00:00+00:00,187.12355041503906,188.3000030517578,190.39999389648438,186.85000610351562,189.0,29843059
2024-02-19 00:00:00+00:00,187.5707244873047,188.75,192.5,188.3000030517578,189.9499969482422,25343215
2024-02-20 00:00:00+00:00,189.4588623046875,190.64999389648438,191.4499969482422,186.25,189.10000610351562,17809897
2024-02-21 00:00:00+00:00,187.5210418701172,188.6999969482422,192.5500030517578,187.0,191.3000030517578,17870782
2024-02-22 00:00:00+00:00,193.5332489013672,194.75,196.0,188.6999969482422,189.75,31992371
2024-02-23 00:00:00+00:00,204.017333984375,205.3000030517578,207.0,195.9499969482422,196.3000030517578,76179371
2024-02-26 00:00:00+00:00,202.97389221191406,204.25,206.89999389648438,202.8000030517578,205.64999389648438,27013630
2024-02-27 00:00:00+00:00,204.06703186035156,205.35000610351562,209.0,203.10000610351562,203.5500030517578,28877205
2024-02-28 00:00:00+00:00,204.36514282226562,205.64999389648438,209.0,201.4499969482422,206.1999969482422,38996363
2024-02-29 00:00:00+00:00,203.81858825683594,205.10000610351562,205.89999389648438,199.75,205.4499969482422,24059731
2024-03-01 00:00:00+00:00,204.3154754638672,205.60000610351562,208.0500030517578,204.8000030517578,205.9499969482422,12949604
2024-03-04 00:00:00+00:00,208.29046630859375,209.60000610351562,212.9499969482422,206.35000610351562,207.9499969482422,34272251
2024-03-05 00:00:00+00:00,209.43328857421875,210.75,213.75,209.85000610351562,211.0,24964592
2024-03-06 00:00:00+00:00,209.13514709472656,210.4499969482422,213.4499969482422,205.60000610351562,211.8000030517578,26236957
2024-03-07 00:00:00+00:00,213.85548400878906,215.1999969482422,216.8000030517578,211.14999389648438,211.4499969482422,41484038
2024-03-11 00:00:00+00:00,211.2220458984375,212.5500030517578,216.4499969482422,211.89999389648438,216.4499969482422,22800967
2024-03-12 00:00:00+00:00,202.97389221191406,204.25,211.35000610351562,201.5,211.0,34719550
2024-03-13 00:00:00+00:00,189.11105346679688,190.3000030517578,205.60000610351562,188.1999969482422,204.10000610351562,41620003
2024-03-14 00:00:00+00:00,194.03013610839844,195.25,197.14999389648438,186.25,189.0,34622781
2024-03-15 00:00:00+00:00,187.6701202392578,188.85000610351562,196.75,179.10000610351562,196.75,88781999
2024-03-18 00:00:00+00:00,188.7135467529297,189.89999389648438,192.0,187.0500030517578,190.0,22999225
2024-03-19 00:00:00+00:00,184.2416534423828,185.39999389648438,192.4499969482422,184.5500030517578,190.0,27819341
2024-03-20 00:00:00+00:00,186.2788543701172,187.4499969482422,187.9499969482422,182.5,186.89999389648438,16235947
2024-03-21 00:00:00+00:00,195.62014770507812,196.85000610351562,197.5,190.0,190.0,43152810
2024-03-22 00:00:00+00:00,196.96649169921875,197.5,198.9499969482422,192.75,196.5,31321524
2024-03-26 00:00:00+00:00,198.86134338378906,199.39999389648438,200.5,195.9499969482422,197.0,25723863
2024-03-27 00:00:00+00:00,198.9112091064453,199.4499969482422,203.9499969482422,198.0,200.0,37817130
2024-03-28 00:00:00+00:00,200.95567321777344,201.5,202.4499969482422,199.0,200.5,17425093
2024-04-01 00:00:00+00:00,210.52975463867188,211.10000610351562,212.75,203.75,205.0,45840349
2024-04-02 00:00:00+00:00,220.4029998779297,221.0,222.64999389648438,212.60000610351562,213.75,93873385
2024-04-03 00:00:00+00:00,220.9016571044922,221.5,225.4499969482422,218.85000610351562,221.6999969482422,47658754
2024-04-04 00:00:00+00:00,219.70489501953125,220.3000030517578,223.89999389648438,218.25,223.5,18279026
2024-04-05 00:00:00+00:00,223.8935546875,224.5,226.0,218.75,220.35000610351562,25365958
2024-04-08 00:00:00+00:00,222.9461212158203,223.5500030517578,225.6999969482422,222.10000610351562,225.5500030517578,16422350
2024-04-09 00:00:00+00:00,227.53367614746094,228.14999389648438,228.89999389648438,221.1999969482422,224.8000030517578,29048035
2024-04-10 00:00:00+00:00,228.13206481933594,228.75,232.85000610351562,226.5,229.0,37218693
2024-04-12 00:00:00+00:00,232.86923217773438,233.5,235.39999389648438,230.5500030517578,231.3000030517578,57174716
2024-04-15 00:00:00+00:00,233.81666564941406,234.4499969482422,238.0,226.0,230.0,51676313
2024-04-16 00:00:00+00:00,232.81936645507812,233.4499969482422,236.9499969482422,230.0,232.5,32508661
2024-04-18 00:00:00+00:00,230.52557373046875,231.14999389648438,237.39999389648438,229.1999969482422,235.60000610351562,18623078
2024-04-19 00:00:00+00:00,232.66978454589844,233.3000030517578,234.5,225.6999969482422,228.5500030517578,27227241
2024-04-22 00:00:00+00:00,232.66978454589844,233.3000030517578,236.14999389648438,232.3000030517578,236.0,17549094
2024-04-23 00:00:00+00:00,233.71694946289062,234.35000610351562,236.10000610351562,231.75,234.25,19202860
2024-04-24 00:00:00+00:00,235.8611297607422,236.5,239.14999389648438,234.10000610351562,235.25,33392337
2024-04-25 00:00:00+00:00,236.95816040039062,237.60000610351562,240.0500030517578,235.4499969482422,236.39999389648438,16197834
2024-04-26 00:00:00+00:00,238.30450439453125,238.9499969482422,241.64999389648438,237.89999389648438,238.5,20473627
2024-04-29 00:00:00+00:00,234.76409912109375,235.39999389648438,240.1999969482422,234.85000610351562,240.14999389648438,19876408
2024-04-30 00:00:00+00:00,233.11856079101562,233.75,237.3000030517578,233.1999969482422,236.3000030517578,14514418
2024-05-02 00:00:00+00:00,234.11585998535156,234.75,237.39999389648438,230.75,234.6999969482422,19171145
2024-05-03 00:00:00+00:00,233.46762084960938,234.10000610351562,238.0,231.14999389648438,237.10000610351562,15782582
2024-05-06 00:00:00+00:00,231.22369384765625,231.85000610351562,235.85000610351562,230.0,235.10000610351562,32422021
2024-05-07 00:00:00+00:00,226.78570556640625,227.39999389648438,235.8000030517578,225.4499969482422,232.5,26418769
2024-05-08 00:00:00+00:00,230.97438049316406,231.60000610351562,232.64999389648438,224.60000610351562,227.1999969482422,18952985
2024-05-09 00:00:00+00:00,225.58895874023438,226.1999969482422,238.1999969482422,225.3000030517578,234.5,35229412
2024-05-10 00:00:00+00:00,226.4865264892578,227.10000610351562,228.5,223.14999389648438,227.89999389648438,18478580
2024-05-13 00:00:00+00:00,224.1428680419922,224.75,228.6999969482422,221.0,228.39999389648438,32874369
2024-05-14 00:00:00+00:00,230.3261260986328,230.9499969482422,231.89999389648438,225.75,225.75,23191411
2024-05-15 00:00:00+00:00,232.2209930419922,232.85000610351562,234.5,229.5500030517578,231.8000030517578,33045920
2024-05-16 00:00:00+00:00,237.25733947753906,237.89999389648438,240.0,227.5,234.75,55556781
2024-05-17 00:00:00+00:00,247.52952575683594,248.1999969482422,249.64999389648438,237.85000610351562,241.0,82231249
2024-05-21 00:00:00+00:00,273.409423828125,274.1499938964844,283.0,271.04998779296875,283.0,127035921
2024-05-22 00:00:00+00:00,282.8338928222656,283.6000061035156,284.5,264.29998779296875,277.0,85801218
2024-05-23 00:00:00+00:00,287.7206726074219,288.5,293.29998779296875,283.20001220703125,286.29998779296875,70631009
2024-05-24 00:00:00+00:00,296.3971862792969,297.20001220703125,299.8999938964844,286.0,288.0,63609206
2024-05-27 00:00:00+00:00,293.65460205078125,294.45001220703125,303.20001220703125,289.6499938964844,301.75,49890427
2024-05-28 00:00:00+00:00,288.3190612792969,289.1000061035156,295.75,285.04998779296875,295.70001220703125,33893805
2024-05-29 00:00:00+00:00,291.3608093261719,292.1499938964844,293.95001220703125,285.0,285.3999938964844,31645904
2024-05-30 00:00:00+00:00,289.8648376464844,290.6499938964844,296.29998779296875,289.6499938964844,293.0,42769599
2024-05-31 00:00:00+00:00,295.1505432128906,295.95001220703125,297.20001220703125,286.29998779296875,294.20001220703125,51397345
2024-06-03 00:00:00+00:00,317.7892150878906,318.6499938964844,323.0,309.29998779296875,323.0,67256146
2024-06-04 00:00:00+00:00,254.85968017578125,255.5500030517578,312.0,230.0500030517578,312.0,268052657
2024-06-05 00:00:00+00:00,259.6466979980469,260.3500061035156,264.5,230.0,264.5,193487058
2024-06-06 00:00:00+00:00,272.9107666015625,273.6499938964844,281.5,267.0,267.0,95502477
2024-06-07 00:00:00+00:00,282.43499755859375,283.20001220703125,284.54998779296875,268.70001220703125,274.0,60109827
2024-06-10 00:00:00+00:00,282.6344299316406,283.3999938964844,292.0,281.1000061035156,288.8999938964844,42363741
2024-06-11 00:00:00+00:00,285.4268798828125,286.20001220703125,290.5,285.3500061035156,287.0,32269277
2024-06-12 00:00:00+00:00,289.71527099609375,290.5,293.0,286.04998779296875,287.8999938964844,33990756
2024-06-13 00:00:00+00:00,300.087158203125,300.8999938964844,303.0,287.04998779296875,293.8999938964844,49511492
2024-06-14 00:00:00+00:00,308.763671875,309.6000061035156,310.5,301.5,305.0,67366844
2024-06-18 00:00:00+00:00,317.3902893066406,318.25,321.0,312.25,313.0,64859245
2024-06-19 00:00:00+00:00,308.4644775390625,309.29998779296875,319.8999938964844,304.1000061035156,319.8999938964844,58698689
2024-06-20 00:00:00+00:00,311.05743408203125,311.8999938964844,313.3500061035156,302.25,309.79998779296875,39505506
2024-06-21 00:00:00+00:00,304.1262512207031,304.95001220703125,314.0,304.1000061035156,312.70001220703125,37620968
2024-06-24 00:00:00+00:00,308.91326904296875,309.75,311.8999938964844,297.45001220703125,304.79998779296875,39139609
2024-06-25 00:00:00+00:00,308.8634033203125,309.70001220703125,314.95001220703125,309.20001220703125,310.8999938964844,29124110
2024-06-26 00:00:00+00:00,306.0210876464844,306.8500061035156,311.5,305.8500061035156,310.0,24238007
2024-06-27 00:00:00+00:00,303.67742919921875,304.5,308.1499938964844,301.20001220703125,306.1000061035156,39996580
2024-06-28 00:00:00+00:00,305.0736389160156,305.8999938964844,309.79998779296875,302.75,306.0,24256902
2024-07-01 00:00:00+00:00,306.8189392089844,307.6499938964844,312.5,305.8500061035156,310.95001220703125,39495237
2024-07-02 00:00:00+00:00,305.27313232421875,306.1000061035156,309.0,303.0,309.0,23974162
2024-07-03 00:00:00+00:00,313.6504211425781,314.5,315.45001220703125,305.75,307.0,44919849
2024-07-04 00:00:00+00:00,316.49273681640625,317.3500061035156,318.5,313.04998779296875,317.3999938964844,35591681
2024-07-05 00:00:00+00:00,323.17462158203125,324.04998779296875,326.79998779296875,314.5,317.6499938964844,63125211
2024-07-08 00:00:00+00:00,333.6961364746094,334.6000061035156,335.79998779296875,325.6000061035156,328.45001220703125,70983243
2024-07-09 00:00:00+00:00,333.89556884765625,334.79998779296875,339.3500061035156,328.70001220703125,338.0,52225572
2024-07-10 00:00:00+00:00,332.9481506347656,333.8500061035156,340.5,324.1499938964844,340.0,46779965
2024-07-11 00:00:00+00:00,334.59368896484375,335.5,338.20001220703125,333.0,335.5,31919433
2024-07-12 00:00:00+00:00,332.2001953125,333.1000061035156,337.5,328.1000061035156,336.8999938964844,24517961
2024-07-15 00:00:00+00:00,330.5047607421875,331.3999938964844,336.04998779296875,331.0,336.0,22021426
2024-07-16 00:00:00+00:00,325.2689514160156,326.1499938964844,334.3999938964844,324.5,333.25,26585927
2024-07-18 00:00:00+00:00,312.7029724121094,313.54998779296875,326.70001220703125,312.29998779296875,326.5,48043715
2024-07-19 00:00:00+00:00,305.4725646972656,306.29998779296875,316.8999938964844,305.0,309.8999938964844,43313606
2024-07-22 00:00:00+00:00,311.45635986328125,312.29998779296875,314.70001220703125,297.29998779296875,306.0,39386992
2024-07-23 00:00:00+00:00,300.63568115234375,301.45001220703125,317.0,281.1000061035156,317.0,76513131
2024-07-24 00:00:00+00:00,299.2893371582031,300.1000061035156,306.5,299.29998779296875,302.5,24099148
2024-07-25 00:00:00+00:00,300.63568115234375,301.45001220703125,303.3999938964844,293.3999938964844,297.95001220703125,27820556
2024-07-26 00:00:00+00:00,309.0628356933594,309.8999938964844,310.5,302.0,303.79998779296875,24512844
2024-07-29 00:00:00+00:00,320.48193359375,321.3500061035156,325.6000061035156,310.8500061035156,312.79998779296875,51391698
2024-07-30 00:00:00+00:00,317.24072265625,318.1000061035156,326.54998779296875,317.6000061035156,325.20001220703125,41111245
2024-07-31 00:00:00+00:00,315.19622802734375,316.04998779296875,320.6000061035156,315.45001220703125,319.8999938964844,25709971
2024-08-01 00:00:00+00:00,310.3094787597656,311.1499938964844,317.70001220703125,308.04998779296875,317.70001220703125,28141436
2024-08-02 00:00:00+00:00,302.13165283203125,302.95001220703125,308.70001220703125,301.70001220703125,305.29998779296875,26155604
2024-08-05 00:00:00+00:00,289.4659423828125,290.25,297.45001220703125,285.0,289.8500061035156,50390560
2024-08-06 00:00:00+00:00,286.4740295410156,287.25,302.6000061035156,286.3500061035156,292.0,39171936
2024-08-07 00:00:00+00:00,299.3890686035156,300.20001220703125,301.0,289.79998779296875,295.5,22199473
2024-08-08 00:00:00+00:00,297.4443359375,298.25,302.70001220703125,297.1499938964844,301.0,21963656
2024-08-09 00:00:00+00:00,301.3836669921875,302.20001220703125,305.0,300.6499938964844,302.5,15551076
2024-08-12 00:00:00+00:00,300.5858154296875,301.3999938964844,303.6499938964844,298.25,299.0,15361379
2024-08-13 00:00:00+00:00,295.3500061035156,296.1499938964844,302.6499938964844,295.3999938964844,302.0,14746085
2024-08-14 00:00:00+00:00,293.70001220703125,293.70001220703125,297.04998779296875,290.6499938964844,296.1499938964844,16641055
2024-08-16 00:00:00+00:00,303.29998779296875,303.29998779296875,303.8999938964844,296.0,296.5,21353408
2024-08-19 00:00:00+00:00,302.1499938964844,302.1499938964844,305.54998779296875,301.1000061035156,304.79998779296875,12232725
2024-08-20 00:00:00+00:00,303.1499938964844,303.1499938964844,304.5,297.79998779296875,302.1499938964844,14183642
2024-08-21 00:00:00+00:00,305.3999938964844,305.3999938964844,306.75,302.54998779296875,303.0,11862616
2024-08-22 00:00:00+00:00,304.5,304.5,306.8999938964844,303.5,306.3999938964844,13074829
2024-08-23 00:00:00+00:00,306.0,306.0,309.20001220703125,304.1000061035156,305.5,21891698
2024-08-26 00:00:00+00:00,306.70001220703125,306.70001220703125,308.8999938964844,305.79998779296875,308.70001220703125,15280637
2024-08-27 00:00:00+00:00,300.8999938964844,300.8999938964844,307.45001220703125,299.6000061035156,306.6000061035156,16873099
2024-08-28 00:00:00+00:00,299.95001220703125,299.95001220703125,304.5,299.5,301.04998779296875,14005947
2024-08-29 00:00:00+00:00,296.20001220703125,296.20001220703125,301.04998779296875,292.1000061035156,299.3500061035156,19185385
2024-08-30 00:00:00+00:00,299.29998779296875,299.29998779296875,302.1499938964844,294.3500061035156,296.79998779296875,28684991
2024-09-02 00:00:00+00:00,296.8999938964844,296.8999938964844,301.95001220703125,295.04998779296875,301.95001220703125,11713172
2024-09-03 00:00:00+00:00,297.1499938964844,297.1499938964844,301.3500061035156,296.75,300.0,13971488
2024-09-04 00:00:00+00:00,298.95001220703125,298.95001220703125,301.8999938964844,295.29998779296875,297.1499938964844,17937646
2024-09-05 00:00:00+00:00,290.6000061035156,290.6000061035156,299.5,290.0,299.0,26342723
2024-09-06 00:00:00+00:00,283.6000061035156,283.6000061035156,290.3500061035156,282.04998779296875,290.3500061035156,30062372
2024-09-09 00:00:00+00:00,281.54998779296875,281.54998779296875,284.5,275.75,282.0,29170063
2024-09-10 00:00:00+00:00,285.75,285.75,288.3500061035156,282.29998779296875,282.5,19982334
2024-09-11 00:00:00+00:00,288.04998779296875,288.04998779296875,290.45001220703125,284.3500061035156,286.45001220703125,21650737
2024-09-12 00:00:00+00:00,291.70001220703125,291.70001220703125,292.5,289.0,290.8999938964844,16102095
2024-09-13 00:00:00+00:00,289.95001220703125,289.95001220703125,294.0,289.6000061035156,293.0,12330463
2024-09-16 00:00:00+00:00,290.3999938964844,290.3999938964844,292.20001220703125,288.3999938964844,290.8999938964844,9184637
2024-09-17 00:00:00+00:00,284.29998779296875,284.29998779296875,290.8500061035156,283.8999938964844,290.5,15946216
2024-09-18 00:00:00+00:00,282.8500061035156,282.8500061035156,286.0,280.3999938964844,284.8999938964844,10450571
2024-09-19 00:00:00+00:00,272.70001220703125,272.70001220703125,284.8500061035156,267.1000061035156,284.0,44560220
2024-09-20 00:00:00+00:00,277.3500061035156,277.3500061035156,279.3999938964844,272.8500061035156,274.0,38501362
2024-09-23 00:00:00+00:00,286.29998779296875,286.29998779296875,286.70001220703125,278.6499938964844,280.0,19445968
2024-09-24 00:00:00+00:00,291.79998779296875,291.79998779296875,293.3999938964844,284.54998779296875,286.29998779296875,25346532
2024-09-25 00:00:00+00:00,289.8500061035156,289.8500061035156,295.0,287.6499938964844,294.0,19263084
2024-09-26 00:00:00+00:00,290.5,290.5,291.8999938964844,289.04998779296875,290.6000061035156,18343882
2024-09-27 00:00:00+00:00,293.45001220703125,293.45001220703125,294.8500061035156,289.20001220703125,292.3500061035156,208588855
2024-09-30 00:00:00+00:00,285.1000061035156,285.1000061035156,294.6000061035156,283.6000061035156,293.45001220703125,32695169
2024-10-01 00:00:00+00:00,283.95001220703125,283.95001220703125,286.6000061035156,282.54998779296875,285.1000061035156,13883476
2024-10-03 00:00:00+00:00,278.70001220703125,278.70001220703125,286.29998779296875,275.04998779296875,275.04998779296875,27321529
2024-10-04 00:00:00+00:00,277.20001220703125,277.20001220703125,281.8999938964844,273.54998779296875,278.70001220703125,17451235
2024-10-07 00:00:00+00:00,267.3500061035156,267.3500061035156,278.8999938964844,265.0,277.3999938964844,21704629
2024-10-08 00:00:00+00:00,280.25,280.25,281.5,265.54998779296875,267.0,29190708
2024-10-09 00:00:00+00:00,282.3999938964844,282.3999938964844,286.6000061035156,278.5,282.0,18984175
2024-10-10 00:00:00+00:00,286.8999938964844,286.8999938964844,289.6000061035156,283.3999938964844,283.95001220703125,19155691
2024-10-11 00:00:00+00:00,285.8999938964844,285.8999938964844,288.6499938964844,284.1499938964844,287.20001220703125,9677338
2024-10-14 00:00:00+00:00,285.70001220703125,285.70001220703125,289.20001220703125,284.6499938964844,286.1000061035156,11386559
2024-10-15 00:00:00+00:00,288.8500061035156,288.8500061035156,289.45001220703125,285.75,287.1499938964844,14701531
2024-10-16 00:00:00+00:00,285.70001220703125,285.70001220703125,291.04998779296875,284.75,288.1499938964844,11835439
2024-10-17 00:00:00+00:00,284.54998779296875,284.54998779296875,287.8999938964844,281.70001220703125,286.04998779296875,11695551
2024-10-18 00:00:00+00:00,287.1499938964844,287.1499938964844,287.79998779296875,277.79998779296875,282.8999938964844,10095514
2024-10-21 00:00:00+00:00,282.29998779296875,282.29998779296875,287.45001220703125,281.1000061035156,286.29998779296875,8393942
2024-10-22 00:00:00+00:00,271.6499938964844,271.6499938964844,282.1499938964844,270.6499938964844,282.0,15240897
2024-10-23 00:00:00+00:00,268.6499938964844,268.6499938964844,274.70001220703125,266.29998779296875,271.0,13503954
2024-10-24 00:00:00+00:00,271.3500061035156,271.3500061035156,273.1499938964844,268.3500061035156,269.0,10700271
2024-10-25 00:00:00+00:00,272.3500061035156,272.3500061035156,276.0,257.45001220703125,271.0,40406841
2024-10-28 00:00:00+00:00,270.04998779296875,270.04998779296875,277.95001220703125,267.3999938964844,276.70001220703125,24479817
2024-10-29 00:00:00+00:00,283.6499938964844,283.6499938964844,284.5,270.8500061035156,271.20001220703125,34271117
2024-10-30 00:00:00+00:00,288.54998779296875,288.54998779296875,294.75,282.04998779296875,283.45001220703125,40787587
2024-10-31 00:00:00+00:00,284.8999938964844,284.8999938964844,288.45001220703125,283.75,287.95001220703125,18720310
2024-11-01 00:00:00+00:00,288.6499938964844,288.6499938964844,290.25,286.0,286.6499938964844,5265231
2024-11-04 00:00:00+00:00,284.1499938964844,284.1499938964844,289.0,280.29998779296875,289.0,15157659
2024-11-05 00:00:00+00:00,286.3500061035156,286.3500061035156,287.20001220703125,277.1499938964844,282.5,18761867
2024-11-06 00:00:00+00:00,301.8500061035156,301.8500061035156,304.29998779296875,287.20001220703125,287.5,52804364
2024-11-07 00:00:00+00:00,300.3500061035156,300.3500061035156,302.0,296.1000061035156,301.0,24357284
2024-11-08 00:00:00+00:00,297.75,297.75,304.5,295.75,300.3500061035156,22935845
2024-11-11 00:00:00+00:00,299.75,299.75,303.79998779296875,294.3999938964844,297.5,20155408
2024-11-12 00:00:00+00:00,290.1499938964844,290.1499938964844,300.8500061035156,287.29998779296875,300.0,14292965
2024-11-13 00:00:00+00:00,281.54998779296875,281.54998779296875,288.8500061035156,279.45001220703125,288.0,20001842
2024-11-14 00:00:00+00:00,280.95001220703125,280.95001220703125,284.45001220703125,275.5,282.0,20541591
2024-11-18 00:00:00+00:00,278.04998779296875,278.04998779296875,286.70001220703125,277.25,283.0,12999925
2024-11-19 00:00:00+00:00,279.0,279.0,285.20001220703125,277.0,280.0,13160982
2024-11-21 00:00:00+00:00,275.45001220703125,275.45001220703125,278.45001220703125,270.25,278.45001220703125,14858108
2024-11-22 00:00:00+00:00,280.8500061035156,280.8500061035156,283.5,275.5,276.0,13268900
2024-11-25 00:00:00+00:00,292.3500061035156,292.3500061035156,299.0,287.95001220703125,290.0,49366681
2024-11-26 00:00:00+00:00,297.8999938964844,297.8999938964844,301.0,293.1499938964844,294.0,27347402
2024-11-27 00:00:00+00:00,307.3500061035156,307.3500061035156,307.95001220703125,297.45001220703125,298.8500061035156,39464505
2024-11-28 00:00:00+00:00,305.75,305.75,309.5,304.3500061035156,308.0,27772319
2024-11-29 00:00:00+00:00,308.0,308.0,310.6000061035156,305.0,305.70001220703125,23241947
2024-12-02 00:00:00+00:00,306.8999938964844,306.8999938964844,309.3999938964844,303.29998779296875,307.79998779296875,15549685
2024-12-03 00:00:00+00:00,312.1000061035156,312.1000061035156,312.75,307.79998779296875,309.0,21405136
2024-12-04 00:00:00+00:00,312.8500061035156,312.8500061035156,320.8500061035156,311.20001220703125,316.0,41441172
2024-12-05 00:00:00+00:00,314.5,314.5,315.3999938964844,310.6000061035156,314.0,17911694
2024-12-06 00:00:00+00:00,313.75,313.75,315.8500061035156,313.1000061035156,314.5,8359798
2024-12-09 00:00:00+00:00,314.6000061035156,314.6000061035156,317.1000061035156,313.25,313.6000061035156,11830104
2024-12-10 00:00:00+00:00,314.8500061035156,314.8500061035156,318.29998779296875,314.0,317.54998779296875,15811501
2024-12-11 00:00:00+00:00,314.1000061035156,314.1000061035156,316.5,313.0,314.8999938964844,9281006
2024-12-12 00:00:00+00:00,312.95001220703125,312.95001220703125,316.0,312.1000061035156,313.54998779296875,10978047
2024-12-13 00:00:00+00:00,315.6499938964844,315.6499938964844,316.3500061035156,308.1499938964844,313.0,15557064
2024-12-16 00:00:00+00:00,316.20001220703125,316.20001220703125,317.3500061035156,314.0,315.79998779296875,10543307
2024-12-17 00:00:00+00:00,310.6000061035156,310.6000061035156,318.6499938964844,310.0,315.54998779296875,18053073
2024-12-18 00:00:00+00:00,303.79998779296875,303.79998779296875,310.6000061035156,301.6499938964844,310.20001220703125,16598070
2024-12-19 00:00:00+00:00,298.5,298.5,300.45001220703125,295.0,295.0,13349532
2024-12-20 00:00:00+00:00,290.8500061035156,290.8500061035156,302.1000061035156,289.3500061035156,298.0,14964305
2024-12-23 00:00:00+00:00,294.3500061035156,294.3500061035156,295.29998779296875,288.0,294.0,10201072
2024-12-24 00:00:00+00:00,292.45001220703125,292.45001220703125,297.3500061035156,291.5,296.25,10685518
