Unnamed: 0,Date,Open,High,Low,close,Volume,dc_next_state,predicted_state
4,2022-01-06,70.33333587646484,71.05000305175781,70.19999694824219,70.63333129882812,8820915.0,0.0,
5,2022-01-07,70.63333129882812,71.31666564941406,69.16666412353516,69.3499984741211,12974964.0,1.0,0.0
6,2022-01-10,69.6500015258789,70.5,69.33333587646484,70.28333282470703,9408897.0,1.0,1.0
7,2022-01-11,70.33333587646484,70.71666717529297,69.51666259765625,70.1500015258789,10022118.0,1.0,1.0
8,2022-01-12,70.33333587646484,70.6500015258789,69.5999984741211,70.19999694824219,7794744.0,1.0,1.0
9,2022-01-13,70.63333129882812,70.76666259765625,69.08333587646484,69.8499984741211,12144687.0,0.0,1.0
10,2022-01-14,69.69999694824219,74.03333282470703,69.46666717529297,73.36666870117188,27463650.0,0.0,0.0
11,2022-01-17,74.0,74.26666259765625,71.93333435058594,72.16666412353516,28842888.0,0.0,0.0
12,2022-01-18,72.76666259765625,72.83333587646484,69.19999694824219,69.44999694824219,17939775.0,1.0,0.0
13,2022-01-19,69.71666717529297,70.13333129882812,68.33333587646484,69.38333129882812,30378717.0,1.0,1.0
14,2022-01-20,69.66666412353516,70.93333435058594,69.1500015258789,70.78333282470703,20278191.0,1.0,1.0
15,2022-01-21,70.46666717529297,70.55000305175781,68.33333587646484,68.98332977294922,17723898.0,1.0,1.0
16,2022-01-24,68.98332977294922,69.58333587646484,65.01666259765625,65.76666259765625,20025537.0,1.0,1.0
17,2022-01-25,65.43333435058594,68.5,64.73332977294922,68.06666564941406,29718342.0,1.0,1.0
18,2022-01-27,67.30000305175781,68.76666259765625,66.05000305175781,68.30000305175781,23800311.0,1.0,1.0
19,2022-01-28,68.91666412353516,70.33333587646484,68.44999694824219,69.03333282470703,24666333.0,1.0,1.0
20,2022-01-31,71.56666564941406,73.25,69.21666717529297,69.9000015258789,53776260.0,1.0,1.0
21,2022-02-01,70.55000305175781,70.81666564941406,67.78333282470703,69.13333129882812,29395494.0,1.0,1.0
22,2022-02-02,69.8499984741211,70.73332977294922,69.5,70.25,30206025.0,1.0,1.0
23,2022-02-03,70.33333587646484,70.48332977294922,69.18333435058594,69.31666564941406,11555226.0,1.0,1.0
24,2022-02-04,69.81666564941406,69.86666870117188,68.11666870117188,68.26666259765625,17933076.0,1.0,1.0
25,2022-02-07,68.30000305175781,68.5999984741211,66.53333282470703,67.36666870117188,18325029.0,1.0,1.0
26,2022-02-08,67.4000015258789,67.96666717529297,65.46666717529297,66.5,26278878.0,1.0,1.0
27,2022-02-09,66.46666717529297,67.75,66.03333282470703,67.53333282470703,15305202.0,1.0,1.0
28,2022-02-10,67.6500015258789,68.25,66.83333587646484,67.5999984741211,12104241.0,1.0,1.0
29,2022-02-11,66.94999694824219,67.88333129882812,66.61666870117188,66.78333282470703,11505933.0,1.0,1.0
30,2022-02-14,65.66666412353516,66.46666717529297,64.28333282470703,65.30000305175781,31961610.0,1.0,1.0
31,2022-02-15,65.4000015258789,66.46666717529297,64.19999694824219,66.31666564941406,10746255.0,1.0,1.0
32,2022-02-16,66.58333587646484,67.11666870117188,65.51666259765625,66.33333587646484,13420629.0,1.0,1.0
33,2022-02-17,66.41666412353516,68.21666717529297,66.1500015258789,67.0,19166469.0,1.0,1.0
34,2022-02-18,66.66666412353516,67.19999694824219,66.33333587646484,66.66666412353516,10616886.0,1.0,1.0
35,2022-02-21,66.0,67.28333282470703,65.61666870117188,66.05000305175781,10470885.0,1.0,1.0
36,2022-02-22,65.0,66.69999694824219,64.44999694824219,65.78333282470703,20409699.0,1.0,1.0
37,2022-02-23,65.80000305175781,66.8499984741211,65.80000305175781,66.33333587646484,10145349.0,1.0,1.0
38,2022-02-24,65.23332977294922,65.58333587646484,62.33333206176758,62.61666488647461,24915339.0,1.0,1.0
39,2022-02-25,64.28333282470703,67.05000305175781,63.96666717529297,66.71666717529297,22461840.0,1.0,1.0
40,2022-02-28,65.68333435058594,70.5,65.4000015258789,70.1500015258789,35587689.0,1.0,1.0
41,2022-03-02,69.18333435058594,73.19999694824219,69.18333435058594,72.0,51608091.0,1.0,1.0
42,2022-03-03,72.66666412353516,73.31666564941406,70.88333129882812,71.68333435058594,28625697.0,1.0,1.0
43,2022-03-04,71.33333587646484,74.91666412353516,70.8499984741211,71.63333129882812,46128378.0,1.0,1.0
44,2022-03-07,70.93333435058594,72.80000305175781,68.8499984741211,71.41666412353516,38244033.0,1.0,1.0
45,2022-03-08,72.1500015258789,72.58333587646484,69.4000015258789,71.0,20461842.0,1.0,1.0
46,2022-03-09,71.46666717529297,75.11666870117188,71.06666564941406,74.1500015258789,30245265.0,1.0,1.0
47,2022-03-10,75.11666870117188,75.5,71.88333129882812,72.25,37328694.0,1.0,1.0
48,2022-03-11,72.75,72.93333435058594,71.36666870117188,71.5999984741211,29348391.0,1.0,1.0
49,2022-03-14,72.0,72.03333282470703,69.73332977294922,69.93333435058594,28491564.0,1.0,1.0
50,2022-03-15,69.33333587646484,70.05000305175781,67.75,68.51666259765625,23328489.0,1.0,1.0
51,2022-03-16,69.63333129882812,69.96666717529297,68.86666870117188,69.66666412353516,23656146.0,1.0,1.0
52,2022-03-17,70.06666564941406,70.5999984741211,69.0,69.80000305175781,36269526.0,1.0,1.0
53,2022-03-21,70.0,71.46666717529297,68.96666717529297,69.63333129882812,38413833.0,1.0,1.0
54,2022-03-22,69.76666259765625,70.21666717529297,68.33333587646484,69.93333435058594,19632078.0,1.0,1.0
55,2022-03-23,71.30000305175781,71.30000305175781,68.94999694824219,69.13333129882812,33279774.0,1.0,1.0
56,2022-03-24,68.63333129882812,69.68333435058594,68.08333587646484,69.16666412353516,15609300.0,1.0,1.0
57,2022-03-25,69.36666870117188,69.4000015258789,68.31666564941406,68.66666412353516,22413369.0,1.0,1.0
58,2022-03-28,68.66666412353516,68.93333435058594,67.8499984741211,68.3499984741211,13461477.0,1.0,1.0
59,2022-03-29,68.66666412353516,69.53333282470703,68.5,69.13333129882812,12104067.0,1.0,1.0
60,2022-03-30,70.63333129882812,70.63333129882812,69.21666717529297,69.48332977294922,22181898.0,1.0,1.0
61,2022-03-31,70.06666564941406,70.78333282470703,68.91666412353516,70.26666259765625,21738033.0,1.0,1.0
62,2022-04-01,70.31666564941406,72.33333587646484,70.08333587646484,71.69999694824219,45845880.0,1.0,1.0
63,2022-04-04,72.5,73.44999694824219,71.93333435058594,73.1500015258789,29426580.0,1.0,1.0
64,2022-04-05,73.80000305175781,74.56666564941406,72.5,72.86666870117188,29299197.0,1.0,1.0
65,2022-04-06,72.66666412353516,73.66666412353516,72.4000015258789,73.33333587646484,27765654.0,1.0,1.0
66,2022-04-07,74.0,79.30000305175781,73.8499984741211,78.11666870117188,162897504.0,1.0,1.0
67,2022-04-08,79.56666564941406,80.73332977294922,78.31666564941406,79.86666870117188,86792331.0,1.0,1.0
68,2022-04-11,80.61666870117188,82.73332977294922,80.3499984741211,81.31666564941406,53098242.0,1.0,1.0
69,2022-04-12,81.31666564941406,82.13333129882812,79.1500015258789,80.80000305175781,34166946.0,1.0,1.0
70,2022-04-13,81.3499984741211,83.41666412353516,81.3499984741211,82.36666870117188,35185764.0,1.0,1.0
71,2022-04-18,82.0,85.43333435058594,81.41666412353516,84.98332977294922,58066713.0,1.0,1.0
72,2022-04-19,85.0,86.5,82.68333435058594,83.43333435058594,39192846.0,1.0,1.0
73,2022-04-20,84.23332977294922,85.19999694824219,83.53333282470703,84.43333435058594,31402827.0,1.0,1.0
74,2022-04-21,84.81666564941406,86.23332977294922,83.96666717529297,84.30000305175781,32102493.0,1.0,1.0
75,2022-04-22,84.1500015258789,85.55000305175781,83.61666870117188,83.88333129882812,14025423.0,1.0,1.0
76,2022-04-25,83.33333587646484,83.33333587646484,80.91666412353516,81.93333435058594,15988692.0,1.0,1.0
77,2022-04-26,82.3499984741211,84.46666717529297,82.33333587646484,83.5,16455561.0,1.0,1.0
78,2022-04-27,82.51666259765625,82.98332977294922,80.94999694824219,82.16666412353516,13818495.0,1.0,1.0
79,2022-04-28,83.33333587646484,83.33333587646484,81.16666412353516,82.21666717529297,9256521.0,1.0,1.0
80,2022-04-29,82.58333587646484,83.28333282470703,78.91666412353516,79.51666259765625,21932493.0,1.0,1.0
81,2022-05-02,78.33333587646484,79.80000305175781,77.9000015258789,79.38333129882812,13942155.0,1.0,1.0
82,2022-05-04,79.66666412353516,79.94999694824219,76.26666259765625,77.06666564941406,16041333.0,1.0,1.0
83,2022-05-05,78.28333282470703,79.46666717529297,77.33333587646484,78.30000305175781,18857412.0,1.0,1.0
84,2022-05-06,77.41666412353516,78.08333587646484,75.75,76.05000305175781,16795458.0,1.0,1.0
85,2022-05-09,75.0,75.71666717529297,73.83333587646484,75.16666412353516,23472795.0,1.0,1.0
86,2022-05-10,75.0,76.46666717529297,74.03333282470703,74.30000305175781,13234959.0,1.0,1.0
87,2022-05-11,74.96666717529297,75.06666564941406,71.91666412353516,73.0,17541396.0,1.0,1.0
88,2022-05-12,73.33333587646484,74.38333129882812,72.05000305175781,72.76666259765625,23454804.0,1.0,1.0
89,2022-05-13,73.46666717529297,75.23332977294922,72.36666870117188,72.91666412353516,12118287.0,1.0,1.0
90,2022-05-16,72.93333435058594,75.8499984741211,72.0999984741211,75.61666870117188,15258537.0,1.0,1.0
91,2022-05-17,76.26666259765625,77.96666717529297,75.38333129882812,77.58333587646484,17055900.0,1.0,1.0
92,2022-05-18,78.16666412353516,79.08333587646484,77.33333587646484,77.69999694824219,18878982.0,1.0,1.0
93,2022-05-19,76.5,76.93333435058594,74.73332977294922,75.83333587646484,11176905.0,1.0,1.0
94,2022-05-20,77.0,79.44999694824219,76.51666259765625,78.31666564941406,17729133.0,1.0,1.0
95,2022-05-23,78.75,80.06666564941406,76.76666259765625,77.13333129882812,15413691.0,1.0,1.0
96,2022-05-24,73.33333587646484,77.78333282470703,73.03333282470703,77.21666717529297,36815832.0,1.0,1.0
97,2022-05-25,77.33333587646484,78.48332977294922,75.16666412353516,75.44999694824219,12376107.0,1.0,1.0
98,2022-05-26,75.73332977294922,76.51666259765625,74.19999694824219,75.33333587646484,11313504.0,0.0,1.0
99,2022-05-27,76.66666412353516,77.55000305175781,75.73332977294922,76.96666717529297,11187723.0,0.0,0.0
100,2022-05-30,77.96666717529297,78.43333435058594,76.33333587646484,76.88333129882812,8326164.0,0.0,0.0
101,2022-05-31,77.13333129882812,78.6500015258789,76.55000305175781,78.25,13674072.0,0.0,0.0
102,2022-06-01,78.44999694824219,82.56666564941406,78.25,82.03333282470703,34360020.0,1.0,0.0
103,2022-06-02,82.73332977294922,83.18333435058594,81.38333129882812,81.91666412353516,26049855.0,1.0,1.0
104,2022-06-03,82.33333587646484,82.6500015258789,80.58333587646484,80.75,11056728.0,1.0,1.0
105,2022-06-06,80.30000305175781,81.78333282470703,79.43333435058594,81.13333129882812,13057254.0,1.0,1.0
106,2022-06-07,82.0,82.8499984741211,80.71666717529297,81.93333435058594,28241430.0,1.0,1.0
107,2022-06-08,82.31666564941406,83.48332977294922,81.3499984741211,81.76666259765625,24623397.0,1.0,1.0
108,2022-06-09,81.73332977294922,82.48332977294922,81.03333282470703,81.8499984741211,6650814.0,0.0,1.0
109,2022-06-10,81.0,82.48332977294922,80.5,82.23332977294922,9887892.0,1.0,0.0
110,2022-06-13,81.0,81.0,78.28333282470703,78.5,13056528.0,1.0,1.0
111,2022-06-14,78.01666259765625,80.80000305175781,78.01666259765625,80.44999694824219,11702244.0,1.0,1.0
112,2022-06-15,81.03333282470703,81.21666717529297,79.61666870117188,80.05000305175781,9599067.0,1.0,1.0
113,2022-06-16,80.4000015258789,81.30000305175781,77.03333282470703,77.46666717529297,12906030.0,1.0,1.0
114,2022-06-17,76.66666412353516,79.55000305175781,76.26666259765625,78.23332977294922,20333781.0,0.0,1.0
115,2022-06-20,78.33333587646484,78.75,74.56666564941406,75.71666717529297,12914700.0,1.0,0.0
116,2022-06-21,76.61666870117188,77.46666717529297,76.08333587646484,76.75,12811437.0,1.0,1.0
117,2022-06-22,76.38333129882812,76.6500015258789,75.01666259765625,75.28333282470703,11056173.0,1.0,1.0
118,2022-06-23,75.5999984741211,76.0999984741211,75.01666259765625,75.63333129882812,9004842.0,0.0,1.0
119,2022-06-24,76.31666564941406,77.96666717529297,76.0999984741211,77.83333587646484,9668958.0,1.0,0.0
120,2022-06-27,78.33333587646484,80.43333435058594,78.23332977294922,80.01666259765625,14977953.0,1.0,1.0
121,2022-06-28,79.81666564941406,80.16666412353516,78.26666259765625,78.81666564941406,9497565.0,1.0,1.0
122,2022-06-29,78.30000305175781,79.23332977294922,78.06666564941406,78.69999694824219,20182623.0,1.0,1.0
123,2022-06-30,78.5,79.73332977294922,77.26666259765625,78.03333282470703,19573899.0,1.0,1.0
124,2022-07-01,77.66666412353516,78.5,75.75,76.5999984741211,15324042.0,1.0,1.0
125,2022-07-04,76.23332977294922,77.55000305175781,75.6500015258789,76.56666564941406,13538427.0,1.0,1.0
126,2022-07-05,77.26666259765625,78.30000305175781,76.03333282470703,76.4000015258789,14922519.0,0.0,1.0
127,2022-07-06,76.5999984741211,77.23332977294922,74.71666717529297,77.01666259765625,21103464.0,0.0,0.0
128,2022-07-07,77.16666412353516,79.28333282470703,77.03333282470703,78.88333129882812,19351467.0,1.0,0.0
129,2022-07-08,79.36666870117188,80.81666564941406,77.81666564941406,78.66666412353516,21179418.0,1.0,1.0
130,2022-07-11,78.5999984741211,79.46666717529297,77.93333435058594,78.25,10090566.0,0.0,1.0
131,2022-07-12,77.83333587646484,78.93333435058594,76.73332977294922,77.41666412353516,12953874.0,1.0,0.0
132,2022-07-13,77.30000305175781,78.43333435058594,77.0,77.81666564941406,12866319.0,1.0,1.0
133,2022-07-14,78.0,79.31666564941406,77.88333129882812,79.13333129882812,16879224.0,0.0,1.0
134,2022-07-15,79.16666412353516,82.23332977294922,79.13333129882812,81.83333587646484,24300105.0,0.0,0.0
135,2022-07-18,83.25,86.93333435058594,83.05000305175781,84.81666564941406,114055476.0,1.0,0.0
136,2022-07-19,84.53333282470703,86.21666717529297,84.01666259765625,85.05000305175781,30352653.0,0.0,1.0
137,2022-07-20,86.03333282470703,86.16666412353516,84.33333587646484,84.96666717529297,16157313.0,1.0,0.0
138,2022-07-21,85.0,89.96666717529297,84.80000305175781,89.56666564941406,56209248.0,1.0,1.0
139,2022-07-22,89.94999694824219,90.03333282470703,88.46666717529297,88.93333435058594,28925541.0,1.0,1.0
140,2022-07-25,89.9000015258789,91.46666717529295,89.3499984741211,90.01666259765625,27481563.0,1.0,1.0
141,2022-07-26,90.25,90.33333587646484,87.66666412353516,88.96666717529297,16387791.0,0.0,1.0
142,2022-07-27,89.41666412353516,91.28333282470705,89.26666259765625,91.0500030517578,26434413.0,0.0,0.0
143,2022-07-28,91.33333587646484,92.3000030517578,90.38333129882812,90.78333282470705,26787639.0,0.0,0.0
144,2022-07-29,91.33333587646484,92.0999984741211,90.66666412353516,91.73332977294922,14660187.0,0.0,0.0
145,2022-08-01,92.06666564941406,95.93333435058594,90.96666717529295,94.73332977294922,24181113.0,1.0,0.0
146,2022-08-02,95.3000030517578,95.68333435058594,93.03333282470705,94.0,32577612.0,1.0,1.0
147,2022-08-03,94.33333587646484,94.6999969482422,91.33333587646484,92.28333282470705,15700254.0,1.0,1.0
148,2022-08-04,92.75,95.83333587646484,91.98332977294922,94.71666717529295,39839988.0,0.0,1.0
149,2022-08-05,94.96666717529295,95.0,89.08333587646484,92.0500030517578,80363784.0,0.0,0.0
150,2022-08-08,91.81666564941406,94.53333282470705,91.5999984741211,93.9499969482422,21774303.0,0.0,0.0
151,2022-08-10,93.93333435058594,96.0999984741211,93.58333587646484,95.8000030517578,28967340.0,0.0,0.0
152,2022-08-11,96.16666412353516,97.41666412353516,95.21666717529295,95.81666564941406,23053884.0,1.0,0.0
153,2022-08-12,96.0,97.38333129882812,95.73332977294922,97.03333282470705,13774848.0,1.0,1.0
154,2022-08-16,97.5,98.4499969482422,96.71666717529295,97.91666412353516,18326535.0,0.0,1.0
155,2022-08-17,98.41666412353516,98.56666564941406,96.86666870117188,97.11666870117188,12973041.0,1.0,0.0
156,2022-08-18,97.01666259765624,98.16666412353516,95.58333587646484,96.25,16134525.0,0.0,1.0
157,2022-08-19,96.5,97.4000015258789,94.4499969482422,95.03333282470705,17598678.0,0.0,0.0
158,2022-08-22,95.0,96.75,94.26666259765624,96.36666870117188,18811092.0,1.0,0.0
159,2022-08-23,95.76666259765624,99.86666870117188,95.63333129882812,99.48332977294922,30535758.0,0.0,1.0
160,2022-08-24,100.0,100.3000030517578,97.16666412353516,98.01666259765624,20796507.0,1.0,0.0
161,2022-08-25,98.51666259765624,99.76666259765624,98.3499984741211,98.9000015258789,22580238.0,1.0,1.0
162,2022-08-26,99.16666412353516,102.63333129882812,99.16666412353516,101.78333282470705,31345068.0,1.0,1.0
163,2022-08-29,100.5999984741211,103.76666259765624,100.21666717529295,102.9499969482422,27834195.0,0.0,1.0
164,2022-08-30,103.76666259765624,103.9499969482422,101.0500030517578,102.16666412353516,25458348.0,1.0,0.0
165,2022-09-01,102.28333282470705,106.93333435058594,102.0,106.5999984741211,33768936.0,0.0,1.0
166,2022-09-02,107.0,109.9000015258789,106.83333587646484,108.18333435058594,37018653.0,1.0,0.0
167,2022-09-05,109.28333282470705,109.63333129882812,108.11666870117188,109.3000030517578,24073551.0,0.0,1.0
168,2022-09-06,109.81666564941406,111.26666259765624,108.26666259765624,108.5500030517578,28364094.0,1.0,0.0
169,2022-09-07,108.8000030517578,109.91666412353516,108.58333587646484,109.75,14016204.0,1.0,1.0
170,2022-09-08,110.33333587646484,110.46666717529295,109.03333282470705,109.38333129882812,13824843.0,1.0,1.0
171,2022-09-09,109.66666412353516,110.93333435058594,109.23332977294922,109.38333129882812,16733637.0,1.0,1.0
172,2022-09-12,109.9499969482422,113.26666259765624,108.68333435058594,112.8499984741211,39074646.0,1.0,1.0
173,2022-09-13,113.5,113.86666870117188,111.68333435058594,111.93333435058594,18851928.0,1.0,1.0
174,2022-09-14,111.66666412353516,113.1500015258789,111.01666259765624,111.96666717529295,48838458.0,1.0,1.0
175,2022-09-15,114.6500015258789,114.6500015258789,108.5999984741211,111.0999984741211,25552945.0,0.0,1.0
176,2022-09-16,111.3499984741211,113.5,109.4499969482422,111.0,27675466.0,0.0,0.0
177,2022-09-19,112.3499984741211,113.75,110.0,110.5,18503444.0,0.0,0.0
178,2022-09-20,111.5,112.0999984741211,110.0,110.1999969482422,13735873.0,0.0,0.0
179,2022-09-21,110.4000015258789,110.5500030517578,107.6500015258789,108.4499969482422,16931740.0,0.0,0.0
180,2022-09-22,108.5999984741211,112.0,107.5999984741211,110.0,20701188.0,0.0,0.0
181,2022-09-23,110.5500030517578,111.0,106.0999984741211,106.6500015258789,15215768.0,0.0,0.0
182,2022-09-26,105.0,105.0,99.5,100.6999969482422,41567351.0,1.0,0.0
183,2022-09-27,101.25,101.8499984741211,98.4499969482422,99.75,28782718.0,1.0,1.0
184,2022-09-28,99.0,100.9499969482422,98.5999984741211,99.1500015258789,24892912.0,1.0,1.0
185,2022-09-29,99.9000015258789,100.6999969482422,98.3499984741211,99.0,74476855.0,1.0,1.0
186,2022-09-30,99.3499984741211,101.3499984741211,96.25,100.9499969482422,28502920.0,1.0,1.0
187,2022-10-03,101.4499969482422,103.0,98.0999984741211,98.4499969482422,21407465.0,1.0,1.0
188,2022-10-04,100.25,102.4499969482422,99.8499984741211,102.0500030517578,14768228.0,1.0,1.0
189,2022-10-06,102.9499969482422,105.0,102.4000015258789,104.6500015258789,20520361.0,0.0,1.0
190,2022-10-07,105.1999969482422,106.5,104.0,106.25,20045623.0,1.0,0.0
191,2022-10-10,105.0999984741211,105.5999984741211,103.9499969482422,104.4499969482422,11511957.0,1.0,1.0
192,2022-10-11,105.0,105.4000015258789,102.5500030517578,103.0500030517578,11739022.0,1.0,1.0
193,2022-10-12,102.6500015258789,103.4499969482422,101.0,103.25,6659580.0,1.0,1.0
194,2022-10-13,103.25,104.4000015258789,101.0500030517578,101.4000015258789,7795689.0,1.0,1.0
195,2022-10-14,103.0,103.5999984741211,100.4499969482422,100.8000030517578,7476515.0,1.0,1.0
196,2022-10-17,100.5,102.75,99.9499969482422,101.8000030517578,9943468.0,1.0,1.0
197,2022-10-18,102.3499984741211,106.9000015258789,102.0500030517578,105.9499969482422,21766333.0,1.0,1.0
198,2022-10-19,106.6500015258789,109.1999969482422,105.3000030517578,105.9000015258789,22878764.0,1.0,1.0
199,2022-10-20,106.8000030517578,109.1500015258789,106.5500030517578,108.0,25579790.0,1.0,1.0
200,2022-10-21,108.5500030517578,108.9499969482422,102.6999969482422,103.5500030517578,19880033.0,1.0,1.0
201,2022-10-24,104.5999984741211,105.3499984741211,104.3499984741211,104.8000030517578,3728536.0,1.0,1.0
202,2022-10-25,105.0,105.5,103.5500030517578,105.0500030517578,13217298.0,1.0,1.0
203,2022-10-27,105.6500015258789,108.9000015258789,105.1999969482422,107.8499984741211,29990758.0,1.0,1.0
204,2022-10-28,108.0,108.5500030517578,103.9000015258789,105.3499984741211,20059496.0,1.0,1.0
205,2022-10-31,105.9000015258789,107.1999969482422,105.1500015258789,106.8499984741211,12793983.0,1.0,1.0
206,2022-11-01,107.3000030517578,110.4000015258789,106.75,108.5,26521676.0,1.0,1.0
207,2022-11-02,108.5,110.25,106.8000030517578,107.0999984741211,19881462.0,1.0,1.0
208,2022-11-03,106.8000030517578,112.1999969482422,106.5,109.9499969482422,34173239.0,1.0,1.0
209,2022-11-04,110.5999984741211,111.4000015258789,108.5999984741211,108.9499969482422,22356935.0,1.0,1.0
210,2022-11-07,109.4000015258789,110.3000030517578,108.8000030517578,109.6500015258789,15333789.0,1.0,1.0
211,2022-11-09,110.1999969482422,111.1999969482422,107.6500015258789,108.0500030517578,17033165.0,1.0,1.0
212,2022-11-10,108.0500030517578,108.5,104.6999969482422,106.6999969482422,12937603.0,1.0,1.0
213,2022-11-11,108.0,108.4499969482422,106.6999969482422,107.3000030517578,11075218.0,1.0,1.0
214,2022-11-14,107.3000030517578,107.6500015258789,105.4499969482422,106.5999984741211,10547759.0,1.0,1.0
215,2022-11-15,106.6999969482422,107.4000015258789,105.4499969482422,107.0500030517578,11675691.0,1.0,1.0
216,2022-11-16,108.9499969482422,109.8000030517578,107.3499984741211,108.3000030517578,27372424.0,1.0,1.0
217,2022-11-17,108.1999969482422,111.3499984741211,108.0999984741211,110.5999984741211,26985734.0,1.0,1.0
218,2022-11-18,110.8499984741211,111.4000015258789,106.4000015258789,107.3499984741211,23962357.0,1.0,1.0
219,2022-11-21,107.0999984741211,107.1999969482422,104.5,105.8000030517578,16407321.0,0.0,1.0
220,2022-11-22,105.1999969482422,107.8000030517578,105.0500030517578,107.4499969482422,11999335.0,0.0,0.0
221,2022-11-23,108.0,109.0999984741211,106.3499984741211,106.9000015258789,21024176.0,0.0,0.0
222,2022-11-24,107.0,107.4000015258789,106.0500030517578,107.0,12820212.0,1.0,0.0
223,2022-11-25,107.3000030517578,108.0,106.6500015258789,107.1500015258789,8834584.0,1.0,1.0
224,2022-11-28,107.0999984741211,108.75,106.9499969482422,107.4000015258789,11289089.0,1.0,1.0
225,2022-11-29,107.9000015258789,107.9000015258789,105.25,106.1500015258789,8717535.0,1.0,1.0
226,2022-11-30,106.5,106.5500030517578,104.1500015258789,105.0999984741211,27869373.0,1.0,1.0
227,2022-12-01,105.6500015258789,106.3499984741211,103.8499984741211,104.1500015258789,19098551.0,1.0,1.0
228,2022-12-02,104.5500030517578,106.4499969482422,104.3000030517578,106.1500015258789,13020973.0,1.0,1.0
229,2022-12-05,106.3499984741211,107.5999984741211,105.0,107.4499969482422,17476086.0,1.0,1.0
230,2022-12-06,107.25,108.4000015258789,105.5,105.6999969482422,13880227.0,1.0,1.0
231,2022-12-07,106.25,107.1500015258789,105.4499969482422,105.6999969482422,11943855.0,1.0,1.0
232,2022-12-08,105.0,105.5,104.25,105.3000030517578,15789329.0,0.0,1.0
233,2022-12-09,106.0,106.9000015258789,104.5,105.8000030517578,12630851.0,0.0,0.0
234,2022-12-12,106.0,106.5500030517578,104.0,104.5500030517578,19335542.0,0.0,0.0
235,2022-12-13,105.0999984741211,105.4000015258789,104.4000015258789,105.1500015258789,7421330.0,0.0,0.0
236,2022-12-14,105.1500015258789,105.6500015258789,104.8499984741211,105.4499969482422,6168426.0,1.0,0.0
237,2022-12-15,105.25,105.6500015258789,102.75,103.25,10186774.0,1.0,1.0
238,2022-12-16,102.25,102.4000015258789,97.8499984741211,99.4499969482422,38364152.0,0.0,1.0
239,2022-12-19,99.4499969482422,100.8499984741211,97.75,100.4499969482422,22872344.0,0.0,0.0
240,2022-12-20,100.75,101.5999984741211,99.0,101.3000030517578,10478941.0,0.0,0.0
241,2022-12-21,101.8499984741211,102.1999969482422,98.4499969482422,99.1999969482422,11606766.0,0.0,0.0
242,2022-12-22,99.5,99.9000015258789,96.8000030517578,98.25,14577136.0,0.0,0.0
243,2022-12-23,98.9499969482422,99.1500015258789,96.0,96.5500030517578,23099245.0,1.0,0.0
244,2022-12-26,96.5999984741211,99.8499984741211,94.6500015258789,99.25,12096095.0,1.0,1.0
245,2022-12-27,99.8000030517578,100.9499969482422,98.4000015258789,100.25,10240049.0,0.0,1.0
246,2022-12-28,99.5999984741211,100.9000015258789,99.25,99.75,9470020.0,1.0,0.0
247,2022-12-29,98.5,99.8000030517578,98.3000030517578,98.9000015258789,11367064.0,1.0,1.0
248,2022-12-30,99.4000015258789,101.3499984741211,99.25,99.9000015258789,9236774.0,1.0,1.0
249,2023-01-02,100.4000015258789,101.1999969482422,99.9000015258789,100.25,6973552.0,1.0,1.0
250,2023-01-03,100.3000030517578,100.9000015258789,99.8000030517578,100.3499984741211,8833881.0,1.0,1.0
251,2023-01-04,100.6999969482422,100.9000015258789,98.4499969482422,98.75,8927128.0,1.0,1.0
252,2023-01-05,99.0,100.1500015258789,98.3000030517578,99.9499969482422,10448282.0,1.0,1.0
253,2023-01-06,99.8000030517578,100.5,98.6999969482422,98.9499969482422,7215940.0,1.0,1.0
254,2023-01-09,99.9000015258789,101.6999969482422,99.5,100.0,11920266.0,1.0,1.0
255,2023-01-10,100.0,100.0999984741211,98.3000030517578,99.1500015258789,10397112.0,1.0,1.0
256,2023-01-11,100.3499984741211,100.75,99.5500030517578,100.1999969482422,11130194.0,1.0,1.0
257,2023-01-12,100.4499969482422,100.5,98.9000015258789,99.4000015258789,9299447.0,1.0,1.0
258,2023-01-13,99.5,100.0999984741211,97.4000015258789,99.9499969482422,11684608.0,1.0,1.0
259,2023-01-16,100.4499969482422,103.0,100.1999969482422,102.0999984741211,16485682.0,1.0,1.0
260,2023-01-17,102.3499984741211,103.0,101.5,102.9000015258789,11762030.0,1.0,1.0
261,2023-01-18,103.0999984741211,104.0,102.0999984741211,102.6999969482422,13005273.0,1.0,1.0
262,2023-01-19,102.0,103.0,101.8499984741211,102.8499984741211,4842895.0,1.0,1.0
263,2023-01-20,102.9000015258789,103.4000015258789,101.5999984741211,101.8000030517578,7912700.0,1.0,1.0
264,2023-01-23,102.3499984741211,102.5,101.0999984741211,101.5500030517578,9725869.0,1.0,1.0
265,2023-01-24,101.5500030517578,101.8499984741211,100.1500015258789,100.6500015258789,10169994.0,1.0,1.0
266,2023-01-25,100.1999969482422,100.9000015258789,98.8000030517578,99.1500015258789,9232812.0,1.0,1.0
267,2023-01-27,99.5999984741211,99.9499969482422,92.4499969482422,94.3000030517578,24624255.0,1.0,1.0
268,2023-01-30,92.9499969482422,92.9499969482422,87.0,88.94999694824219,62828817.0,1.0,1.0
269,2023-01-31,90.3000030517578,96.25,89.05000305175781,94.9499969482422,59004021.0,1.0,1.0
270,2023-02-01,97.0,97.25,89.05000305175781,90.9499969482422,44092961.0,1.0,1.0
271,2023-02-02,89.55000305175781,93.5,88.30000305175781,93.0999984741211,24502896.0,1.0,1.0
272,2023-02-03,93.4000015258789,94.4000015258789,91.6999969482422,93.8499984741211,15906920.0,0.0,1.0
273,2023-02-06,93.5,95.0,93.1999969482422,94.5,7015869.0,1.0,0.0
274,2023-02-07,94.5,95.0999984741211,93.75,94.4499969482422,10315670.0,1.0,1.0
275,2023-02-08,94.9499969482422,96.3000030517578,94.3499984741211,96.0999984741211,11577350.0,1.0,1.0
276,2023-02-09,96.3499984741211,96.6999969482422,95.5500030517578,95.8000030517578,6577385.0,1.0,1.0
277,2023-02-10,95.5500030517578,96.6500015258789,95.3499984741211,96.25,10685751.0,1.0,1.0
278,2023-02-13,96.25,97.1999969482422,94.4499969482422,94.6500015258789,13582939.0,0.0,1.0
279,2023-02-14,94.8000030517578,95.1500015258789,93.0999984741211,94.5999984741211,9624926.0,1.0,0.0
280,2023-02-15,94.0500030517578,94.8000030517578,93.4000015258789,94.6500015258789,11575131.0,1.0,1.0
281,2023-02-16,95.9000015258789,98.4000015258789,94.25,97.75,32927840.0,1.0,1.0
282,2023-02-17,97.5500030517578,98.6500015258789,96.1999969482422,96.4499969482422,20383244.0,1.0,1.0
283,2023-02-20,96.6999969482422,96.75,94.1999969482422,94.9000015258789,17505922.0,1.0,1.0
284,2023-02-21,95.9499969482422,96.1999969482422,94.5999984741211,95.5500030517578,11933886.0,1.0,1.0
285,2023-02-22,95.6999969482422,96.1500015258789,94.8000030517578,95.0,14589841.0,1.0,1.0
286,2023-02-23,95.0999984741211,95.6999969482422,93.6500015258789,95.4000015258789,16196352.0,1.0,1.0
287,2023-02-24,95.6500015258789,95.9000015258789,95.0,95.3499984741211,8061923.0,1.0,1.0
288,2023-02-27,95.3499984741211,95.6999969482422,93.1500015258789,95.4000015258789,13928820.0,1.0,1.0
289,2023-02-28,95.1500015258789,96.1500015258789,94.4000015258789,94.5999984741211,10965145.0,1.0,1.0
290,2023-03-01,95.1999969482422,97.0999984741211,94.8000030517578,97.0500030517578,14285091.0,1.0,1.0
291,2023-03-02,97.1999969482422,97.5500030517578,96.1999969482422,96.6999969482422,10048980.0,1.0,1.0
292,2023-03-03,97.25,97.6999969482422,95.5999984741211,95.8499984741211,7938348.0,1.0,1.0
293,2023-03-06,96.3499984741211,97.25,95.9000015258789,96.4499969482422,8289319.0,1.0,1.0
294,2023-03-08,96.25,96.4000015258789,94.5,96.0999984741211,14292676.0,1.0,1.0
295,2023-03-09,96.1500015258789,96.9000015258789,95.25,95.4499969482422,7884249.0,1.0,1.0
297,2023-03-13,94.0500030517578,94.9000015258789,91.9000015258789,92.3499984741211,11482697.0,1.0,1.0
298,2023-03-14,92.8499984741211,92.9499969482422,91.1999969482422,92.75,14285446.0,1.0,1.0
299,2023-03-15,93.5,94.25,92.1999969482422,92.5999984741211,8318506.0,1.0,1.0
300,2023-03-16,92.6999969482422,92.6999969482422,89.6500015258789,91.9000015258789,12278142.0,1.0,1.0
301,2023-03-17,93.0999984741211,94.6999969482422,92.9000015258789,93.4000015258789,13158718.0,1.0,1.0
302,2023-03-20,93.0,93.3499984741211,91.75,92.6500015258789,6579446.0,1.0,1.0
303,2023-03-21,93.0,93.4499969482422,92.3499984741211,93.0999984741211,5886671.0,0.0,1.0
304,2023-03-22,93.5,93.9499969482422,92.5,92.6500015258789,6096408.0,1.0,0.0
305,2023-03-23,92.3000030517578,92.75,90.8499984741211,92.0999984741211,9969670.0,1.0,1.0
306,2023-03-24,93.9499969482422,94.5,91.1999969482422,91.5500030517578,16650432.0,1.0,1.0
307,2023-03-27,93.0999984741211,93.75,91.3499984741211,91.75,15959308.0,1.0,1.0
308,2023-03-28,91.75,92.5,90.0,90.3000030517578,14999850.0,1.0,1.0
309,2023-03-29,90.1999969482422,92.0500030517578,89.9000015258789,91.5500030517578,36103221.0,1.0,1.0
310,2023-03-31,94.25,98.4499969482422,94.25,97.5500030517578,64455094.0,1.0,1.0
311,2023-04-03,98.9499969482422,99.0,95.8000030517578,96.5999984741211,24154016.0,1.0,1.0
312,2023-04-05,95.0500030517578,98.4499969482422,95.0500030517578,98.25,24875169.0,1.0,1.0
313,2023-04-06,97.5999984741211,99.0,97.5500030517578,98.75,11440418.0,1.0,1.0
314,2023-04-10,98.9000015258789,100.5500030517578,98.75,99.9000015258789,10870304.0,1.0,1.0
315,2023-04-11,100.4000015258789,100.9499969482422,98.8000030517578,100.0,8458648.0,1.0,1.0
316,2023-04-12,100.1500015258789,101.0999984741211,99.5,100.8000030517578,8938731.0,1.0,1.0
317,2023-04-13,100.8000030517578,101.8000030517578,100.5,100.9000015258789,9153834.0,1.0,1.0
318,2023-04-17,101.0,101.5,100.0,101.4000015258789,8323162.0,1.0,1.0
319,2023-04-18,101.4000015258789,103.8499984741211,101.1999969482422,102.9499969482422,19758227.0,1.0,1.0
320,2023-04-19,103.0,103.0999984741211,101.25,101.4000015258789,11271768.0,1.0,1.0
321,2023-04-20,101.5,103.3000030517578,101.3499984741211,102.8499984741211,13241812.0,0.0,1.0
322,2023-04-21,102.6999969482422,103.5,102.1999969482422,102.8000030517578,5625649.0,0.0,0.0
323,2023-04-24,102.8000030517578,103.1999969482422,101.5,101.8000030517578,5994078.0,0.0,0.0
324,2023-04-25,101.8000030517578,102.0,100.75,101.1500015258789,5696053.0,1.0,0.0
325,2023-04-26,100.8000030517578,101.9000015258789,100.4000015258789,101.6500015258789,4576455.0,1.0,1.0
326,2023-04-27,101.1999969482422,102.0999984741211,101.1500015258789,101.4499969482422,5362153.0,0.0,1.0
327,2023-04-28,101.9499969482422,103.4499969482422,101.25,103.3000030517578,11812226.0,1.0,0.0
328,2023-05-02,104.0,105.0999984741211,103.5,104.3000030517578,13598952.0,1.0,1.0
329,2023-05-03,104.1500015258789,106.5500030517578,103.6500015258789,106.3499984741211,16034319.0,1.0,1.0
330,2023-05-04,106.9499969482422,108.25,106.5,107.25,15414305.0,0.0,1.0
331,2023-05-05,107.0500030517578,107.9499969482422,105.8000030517578,106.3000030517578,9315810.0,0.0,0.0
332,2023-05-08,106.3000030517578,107.5,106.0,107.3000030517578,6721354.0,1.0,0.0
333,2023-05-09,107.1999969482422,108.1500015258789,106.5999984741211,107.5500030517578,10063354.0,1.0,1.0
334,2023-05-10,107.9000015258789,108.5999984741211,107.25,108.0500030517578,10360986.0,0.0,1.0
335,2023-05-11,108.25,109.0,107.5,108.5999984741211,9435021.0,0.0,0.0
336,2023-05-12,108.6500015258789,108.6500015258789,106.5999984741211,107.3000030517578,6855025.0,0.0,0.0
337,2023-05-15,107.0999984741211,108.5999984741211,106.9000015258789,107.6500015258789,7833289.0,0.0,0.0
338,2023-05-16,107.6999969482422,109.0999984741211,107.4000015258789,108.4499969482422,9051577.0,0.0,0.0
339,2023-05-17,108.8000030517578,109.75,107.9499969482422,108.25,9456088.0,0.0,0.0
340,2023-05-18,108.5,109.25,107.25,107.8000030517578,7220608.0,0.0,0.0
341,2023-05-19,107.8000030517578,107.8499984741211,105.6999969482422,107.0,9255095.0,1.0,0.0
342,2023-05-22,108.5500030517578,111.3000030517578,107.5999984741211,110.4499969482422,27946526.0,1.0,1.0
343,2023-05-23,110.9499969482422,111.0500030517578,107.75,107.9000015258789,15214733.0,1.0,1.0
344,2023-05-24,107.9000015258789,109.3000030517578,107.3000030517578,108.8000030517578,10722681.0,1.0,1.0
345,2023-05-25,108.0,110.75,108.0,109.5999984741211,11158044.0,0.0,1.0
346,2023-05-26,109.5500030517578,111.0,109.0999984741211,110.6999969482422,7958341.0,1.0,0.0
347,2023-05-29,111.0,111.8000030517578,110.1999969482422,111.4499969482422,10330215.0,1.0,1.0
348,2023-05-30,111.4499969482422,112.5999984741211,111.0,111.25,7803617.0,1.0,1.0
349,2023-05-31,110.5500030517578,112.4499969482422,110.1999969482422,112.1500015258789,15741522.0,1.0,1.0
350,2023-06-01,112.1999969482422,113.4499969482422,112.0,112.9000015258789,9185292.0,1.0,1.0
351,2023-06-02,113.4000015258789,113.5,112.0,113.3000030517578,9939324.0,1.0,1.0
352,2023-06-05,113.3499984741211,118.6500015258789,113.3499984741211,115.6500015258789,35214281.0,1.0,1.0
353,2023-06-06,116.25,118.5,115.9000015258789,118.0500030517578,18999553.0,1.0,1.0
354,2023-06-07,118.75,119.0,117.5,118.0500030517578,11262532.0,1.0,1.0
355,2023-06-08,118.5,118.6999969482422,116.4000015258789,117.5500030517578,11188999.0,1.0,1.0
356,2023-06-09,118.0,121.4499969482422,116.6999969482422,120.3499984741211,19873573.0,0.0,1.0
357,2023-06-12,120.9499969482422,123.9000015258789,118.75,119.0999984741211,24331332.0,0.0,0.0
358,2023-06-13,119.9000015258789,122.4499969482422,118.9000015258789,122.0999984741211,16552079.0,0.0,0.0
359,2023-06-14,122.3499984741211,123.1500015258789,121.0999984741211,121.4000015258789,8660080.0,0.0,0.0
360,2023-06-15,121.4000015258789,122.75,120.0500030517578,121.9499969482422,13948239.0,1.0,0.0
361,2023-06-16,122.3000030517578,127.25,121.6500015258789,125.1999969482422,32649860.0,0.0,1.0
362,2023-06-19,126.3499984741211,126.3499984741211,124.4499969482422,124.8499984741211,10053869.0,0.0,0.0
363,2023-06-20,125.0,126.75,123.9000015258789,125.1500015258789,15471361.0,0.0,0.0
364,2023-06-21,126.1500015258789,126.3000030517578,121.75,122.8000030517578,14141162.0,0.0,0.0
365,2023-06-22,123.5500030517578,127.3499984741211,122.8000030517578,123.4499969482422,25032998.0,0.0,0.0
366,2023-06-23,123.75,123.9000015258789,119.5,120.0500030517578,12413343.0,0.0,0.0
367,2023-06-26,121.0,122.5500030517578,120.0,121.4000015258789,17369553.0,0.0,0.0
368,2023-06-27,122.0999984741211,122.5999984741211,117.9000015258789,118.4000015258789,19093714.0,0.0,0.0
369,2023-06-28,119.1500015258789,122.4000015258789,118.0999984741211,120.75,61890385.0,0.0,0.0
370,2023-06-30,121.4000015258789,126.6999969482422,120.75,125.75,27973500.0,1.0,0.0
371,2023-07-03,126.0,126.0,122.6999969482422,123.75,15492508.0,1.0,1.0
372,2023-07-04,124.0,124.1999969482422,121.5500030517578,122.0500030517578,7595425.0,0.0,1.0
373,2023-07-05,122.5500030517578,123.75,121.0500030517578,121.75,15615891.0,1.0,0.0
374,2023-07-06,122.3000030517578,125.0999984741211,121.9000015258789,124.8000030517578,16906327.0,1.0,1.0
375,2023-07-07,124.3499984741211,125.9000015258789,123.6500015258789,124.0500030517578,22837962.0,1.0,1.0
376,2023-07-10,124.1999969482422,124.6500015258789,122.5,123.0,9068813.0,0.0,1.0
377,2023-07-11,123.4499969482422,128.64999389648438,123.4000015258789,127.4000015258789,46215137.0,0.0,0.0
378,2023-07-12,128.3000030517578,128.5,126.5500030517578,127.6500015258789,18031857.0,1.0,0.0
379,2023-07-13,127.75,128.8000030517578,125.0,125.5,12374030.0,1.0,1.0
380,2023-07-14,126.0,127.5,124.0999984741211,127.1500015258789,9577719.0,1.0,1.0
381,2023-07-17,127.8000030517578,128.25,126.4000015258789,127.1500015258789,9411535.0,1.0,1.0
382,2023-07-18,127.6999969482422,128.3000030517578,125.25,127.0999984741211,8994063.0,1.0,1.0
383,2023-07-19,127.75,127.75,126.6999969482422,126.9000015258789,8975718.0,1.0,1.0
384,2023-07-20,127.0,127.25,125.5500030517578,126.0,10187180.0,1.0,1.0
385,2023-07-21,126.3499984741211,126.6500015258789,124.75,124.9499969482422,9926528.0,1.0,1.0
386,2023-07-24,125.3499984741211,127.75,125.0,126.0,13121674.0,1.0,1.0
387,2023-07-25,126.5500030517578,127.1999969482422,125.3499984741211,127.0500030517578,7151050.0,0.0,1.0
388,2023-07-26,127.0500030517578,127.3499984741211,125.6500015258789,126.0,12681896.0,0.0,0.0
389,2023-07-27,126.1999969482422,128.8000030517578,126.0,127.25,11597763.0,0.0,0.0
390,2023-07-28,129.25,131.6999969482422,128.0,130.14999389648438,37245053.0,0.0,0.0
391,2023-07-31,130.3000030517578,131.0,128.85000610351562,130.6999969482422,16197160.0,1.0,0.0
392,2023-08-01,131.0,133.25,130.0500030517578,130.4499969482422,17079508.0,1.0,1.0
393,2023-08-02,130.4499969482422,130.6999969482422,123.6999969482422,125.3499984741211,20816954.0,1.0,1.0
394,2023-08-03,125.5500030517578,126.5,123.5,124.6500015258789,12415922.0,0.0,1.0
395,2023-08-04,126.3000030517578,128.0500030517578,125.5,127.5999984741211,10589274.0,0.0,0.0
396,2023-08-07,128.4499969482422,129.1999969482422,126.5999984741211,128.5500030517578,8339894.0,0.0,0.0
397,2023-08-08,128.6999969482422,130.0,127.5999984741211,129.14999389648438,12505272.0,1.0,0.0
398,2023-08-09,129.8000030517578,132.39999389648438,129.0,131.6999969482422,13111006.0,1.0,1.0
399,2023-08-10,131.60000610351562,133.14999389648438,129.10000610351562,129.39999389648438,11116731.0,1.0,1.0
400,2023-08-11,130.1999969482422,133.25,129.5500030517578,132.0500030517578,10967883.0,1.0,1.0
401,2023-08-14,131.9499969482422,131.9499969482422,129.4499969482422,130.5,8529502.0,1.0,1.0
402,2023-08-16,130.75,131.89999389648438,129.4499969482422,131.3000030517578,7062446.0,1.0,1.0
403,2023-08-17,131.4499969482422,131.60000610351562,128.25,128.6999969482422,7162118.0,1.0,1.0
404,2023-08-18,128.25,129.60000610351562,126.75,127.1500015258789,8997702.0,0.0,1.0
405,2023-08-21,127.1999969482422,129.6999969482422,127.1500015258789,129.25,5063202.0,0.0,0.0
406,2023-08-22,129.6999969482422,133.6999969482422,129.35000610351562,133.3000030517578,20596242.0,0.0,0.0
407,2023-08-23,133.9499969482422,135.39999389648438,132.8000030517578,133.39999389648438,19426832.0,1.0,0.0
408,2023-08-24,135.0500030517578,135.5,133.60000610351562,134.39999389648438,17543374.0,1.0,1.0
409,2023-08-25,137.25,137.9499969482422,133.0500030517578,133.39999389648438,33919926.0,1.0,1.0
410,2023-08-28,136.10000610351562,136.39999389648438,134.60000610351562,134.89999389648438,13346571.0,1.0,1.0
411,2023-08-29,135.3000030517578,135.85000610351562,134.10000610351562,134.5500030517578,11118400.0,1.0,1.0
412,2023-08-30,135.5,135.5,134.25,134.5500030517578,12555619.0,1.0,1.0
413,2023-08-31,134.5500030517578,135.0500030517578,132.1999969482422,133.1999969482422,14954352.0,0.0,1.0
414,2023-09-01,134.0500030517578,138.39999389648438,133.89999389648438,137.85000610351562,23415545.0,0.0,0.0
415,2023-09-04,139.5,142.35000610351562,139.1999969482422,140.5500030517578,28262276.0,0.0,0.0
416,2023-09-05,141.3000030517578,141.89999389648438,139.1999969482422,139.6999969482422,11695197.0,1.0,0.0
417,2023-09-06,140.5,140.75,137.75,138.3000030517578,10151022.0,0.0,1.0
418,2023-09-07,138.4499969482422,141.0,137.60000610351562,139.85000610351562,18438943.0,0.0,0.0
419,2023-09-08,140.5500030517578,144.3000030517578,140.1999969482422,143.3000030517578,16579557.0,0.0,0.0
420,2023-09-11,144.35000610351562,147.14999389648438,143.0500030517578,144.6999969482422,19902175.0,0.0,0.0
421,2023-09-12,144.60000610351562,144.9499969482422,133.60000610351562,134.14999389648438,48752780.0,1.0,0.0
422,2023-09-13,135.0,136.9499969482422,133.3000030517578,135.85000610351562,19282289.0,1.0,1.0
423,2023-09-14,138.0,138.6999969482422,135.5,136.8000030517578,13197189.0,0.0,1.0
424,2023-09-15,137.5,138.1999969482422,135.10000610351562,135.6999969482422,9651337.0,0.0,0.0
425,2023-09-18,145.0,145.0,139.0,139.89999389648438,51859825.0,0.0,0.0
426,2023-09-20,140.0,140.10000610351562,136.25,136.89999389648438,19080613.0,0.0,0.0
427,2023-09-21,137.0,138.0,134.60000610351562,135.25,9531884.0,0.0,0.0
428,2023-09-22,134.14999389648438,136.89999389648438,134.0500030517578,136.0500030517578,12604969.0,0.0,0.0
429,2023-09-25,136.3000030517578,136.85000610351562,133.60000610351562,136.60000610351562,14984591.0,0.0,0.0
430,2023-09-26,136.60000610351562,138.3000030517578,135.89999389648438,137.64999389648438,12315581.0,1.0,0.0
431,2023-09-27,137.39999389648438,137.5500030517578,135.6999969482422,136.60000610351562,8713378.0,0.0,1.0
432,2023-09-28,136.89999389648438,138.0,134.60000610351562,135.0500030517578,22012674.0,0.0,0.0
433,2023-09-29,136.0,138.64999389648438,135.75,138.3000030517578,8504659.0,1.0,0.0
434,2023-10-03,137.89999389648438,140.60000610351562,137.1999969482422,139.1999969482422,19010910.0,1.0,1.0
435,2023-10-04,138.0,139.14999389648438,136.5500030517578,138.85000610351562,14912053.0,0.0,1.0
436,2023-10-05,139.5,141.35000610351562,138.10000610351562,138.9499969482422,15996620.0,0.0,0.0
437,2023-10-06,139.0,140.5,138.64999389648438,139.0,4987359.0,1.0,0.0
438,2023-10-09,136.1999969482422,137.60000610351562,135.0500030517578,135.75,10489249.0,1.0,1.0
439,2023-10-10,137.39999389648438,141.0,136.5,139.9499969482422,15593722.0,0.0,1.0
440,2023-10-11,139.9499969482422,140.5,137.5,137.75,10778916.0,1.0,0.0
441,2023-10-12,137.9499969482422,138.6999969482422,137.1999969482422,138.1999969482422,7567439.0,1.0,1.0
442,2023-10-13,136.3000030517578,138.1999969482422,136.3000030517578,137.4499969482422,8303230.0,1.0,1.0
443,2023-10-16,137.0,137.89999389648438,136.5500030517578,137.39999389648438,7785480.0,1.0,1.0
444,2023-10-17,137.5,138.89999389648438,137.5,138.5500030517578,6076896.0,1.0,1.0
445,2023-10-18,138.75,138.9499969482422,136.39999389648438,137.0500030517578,6806231.0,1.0,1.0
446,2023-10-19,136.0,137.1999969482422,135.0500030517578,137.0,7775836.0,1.0,1.0
447,2023-10-20,136.6999969482422,136.89999389648438,133.5,134.1999969482422,8982112.0,1.0,1.0
448,2023-10-23,134.3000030517578,135.89999389648438,131.39999389648438,132.6999969482422,19333777.0,1.0,1.0
449,2023-10-25,132.5,134.64999389648438,129.25,131.1999969482422,10225867.0,1.0,1.0
450,2023-10-26,130.0,130.1999969482422,127.0,128.85000610351562,18167694.0,1.0,1.0
451,2023-10-27,129.25,132.85000610351562,129.25,132.1999969482422,8761931.0,1.0,1.0
452,2023-10-30,133.5,133.9499969482422,130.8000030517578,131.9499969482422,9052085.0,1.0,1.0
453,2023-10-31,132.5,133.64999389648438,130.75,133.25,8098744.0,0.0,1.0
454,2023-11-01,133.75,134.5500030517578,132.0500030517578,132.39999389648438,10431945.0,0.0,0.0
455,2023-11-02,133.6999969482422,135.0,133.3000030517578,134.75,4885035.0,0.0,0.0
456,2023-11-03,135.14999389648438,137.0,134.75,135.9499969482422,9154983.0,0.0,0.0
457,2023-11-06,136.9499969482422,138.0,136.0,137.64999389648438,7070089.0,0.0,0.0
458,2023-11-07,137.5500030517578,138.9499969482422,136.6999969482422,138.0500030517578,8587321.0,0.0,0.0
459,2023-11-08,137.75,141.14999389648438,137.6999969482422,140.39999389648438,9755483.0,0.0,0.0
460,2023-11-09,139.9499969482422,139.9499969482422,137.60000610351562,137.9499969482422,5481774.0,1.0,0.0
461,2023-11-10,137.5,139.10000610351562,137.0500030517578,138.8000030517578,5781314.0,0.0,1.0
462,2023-11-13,139.14999389648438,144.1999969482422,139.0500030517578,143.39999389648438,20245049.0,1.0,0.0
463,2023-11-15,144.5,145.39999389648438,142.5,143.0500030517578,11440473.0,1.0,1.0
464,2023-11-16,143.25,144.35000610351562,142.1999969482422,142.60000610351562,11453235.0,1.0,1.0
465,2023-11-17,142.85000610351562,146.5,141.8000030517578,146.10000610351562,13496261.0,0.0,1.0
466,2023-11-20,146.39999389648438,146.75,143.14999389648438,143.85000610351562,7741502.0,0.0,0.0
467,2023-11-21,144.14999389648438,144.5500030517578,142.25,142.85000610351562,9972235.0,1.0,0.0
468,2023-11-22,143.25,143.4499969482422,140.14999389648438,141.85000610351562,7445272.0,0.0,1.0
469,2023-11-23,141.85000610351562,142.5500030517578,139.10000610351562,139.35000610351562,13138745.0,0.0,0.0
470,2023-11-24,139.9499969482422,142.14999389648438,137.35000610351562,140.35000610351562,19614754.0,0.0,0.0
471,2023-11-28,141.64999389648438,141.8000030517578,140.39999389648438,141.3000030517578,8595693.0,0.0,0.0
472,2023-11-29,142.0500030517578,142.64999389648438,140.5,141.0,14680789.0,0.0,0.0
473,2023-11-30,141.0,146.35000610351562,140.75,145.89999389648438,27591484.0,1.0,0.0
474,2023-12-01,147.9499969482422,150.3000030517578,146.75,147.4499969482422,34466616.0,1.0,1.0
475,2023-12-04,152.0,157.5,151.60000610351562,153.5500030517578,51416976.0,1.0,1.0
476,2023-12-05,153.6999969482422,155.10000610351562,149.9499969482422,152.0,29109123.0,1.0,1.0
477,2023-12-06,152.60000610351562,157.14999389648438,151.85000610351562,156.14999389648438,26688698.0,1.0,1.0
478,2023-12-07,161.8000030517578,161.8000030517578,158.25,160.35000610351562,51346222.0,1.0,1.0
479,2023-12-08,161.35000610351562,162.35000610351562,157.3000030517578,158.75,22869782.0,1.0,1.0
480,2023-12-11,159.8000030517578,163.25,159.14999389648438,161.25,22941648.0,1.0,1.0
481,2023-12-12,162.4499969482422,162.8000030517578,160.0,160.8000030517578,16306341.0,1.0,1.0
482,2023-12-13,160.1999969482422,163.89999389648438,159.39999389648438,162.85000610351562,16804086.0,1.0,1.0
483,2023-12-14,163.10000610351562,164.35000610351562,162.60000610351562,164.0,13887946.0,1.0,1.0
484,2023-12-15,166.0,170.1999969482422,165.25,169.0500030517578,39766631.0,1.0,1.0
485,2023-12-18,171.75,174.35000610351562,169.4499969482422,172.6999969482422,35901409.0,0.0,1.0
486,2023-12-19,172.89999389648438,174.39999389648438,171.10000610351562,173.0500030517578,14732129.0,0.0,0.0
487,2023-12-20,173.75,176.3000030517578,166.14999389648438,167.25,24511237.0,0.0,0.0
488,2023-12-21,165.0,171.85000610351562,164.0500030517578,170.64999389648438,22646625.0,1.0,0.0
489,2023-12-22,171.9499969482422,175.25,169.39999389648438,174.8000030517578,19640046.0,1.0,1.0
490,2023-12-26,178.0,184.5,178.0,181.9499969482422,52736391.0,1.0,1.0
491,2023-12-27,184.0,184.8999938964844,179.10000610351562,180.1999969482422,26206240.0,0.0,1.0
492,2023-12-28,181.5,184.25,180.8000030517578,182.6999969482422,20453485.0,0.0,0.0
493,2023-12-29,182.9499969482422,185.1999969482422,181.1000061035156,184.1999969482422,19305150.0,0.0,0.0
494,2024-01-01,184.8000030517578,187.0,184.4499969482422,184.9499969482422,18008785.0,1.0,0.0
495,2024-01-02,186.0,186.1999969482422,179.75,182.1499938964844,22790965.0,1.0,1.0
496,2024-01-03,182.3500061035156,184.6999969482422,180.6000061035156,182.3500061035156,18738690.0,1.0,1.0
497,2024-01-04,182.5,187.6499938964844,182.5,186.8999938964844,25403124.0,1.0,1.0
498,2024-01-05,187.6999969482422,188.6499938964844,184.0500030517578,185.9499969482422,22023938.0,1.0,1.0
499,2024-01-08,186.75,187.5,183.1999969482422,183.6000061035156,11472441.0,1.0,1.0
500,2024-01-09,184.8999938964844,186.6999969482422,184.1999969482422,184.6499938964844,11550790.0,0.0,1.0
501,2024-01-10,184.3999938964844,186.0,182.0500030517578,185.6000061035156,8701594.0,0.0,0.0
502,2024-01-11,187.0,187.6499938964844,183.8000030517578,184.3500061035156,10942508.0,0.0,0.0
503,2024-01-12,185.3500061035156,185.5,183.1000061035156,183.5,8853157.0,1.0,0.0
504,2024-01-15,184.8999938964844,189.8999938964844,184.1000061035156,188.6499938964844,24570393.0,1.0,1.0
505,2024-01-16,188.8999938964844,190.25,185.1000061035156,186.8000030517578,16471601.0,1.0,1.0
506,2024-01-17,186.3000030517578,188.5,183.8000030517578,185.6499938964844,16350370.0,0.0,1.0
507,2024-01-18,185.6499938964844,189.0,180.0,188.1999969482422,24831623.0,0.0,0.0
508,2024-01-19,190.0,193.6999969482422,190.0,191.8500061035156,22303305.0,1.0,0.0
509,2024-01-23,195.25,195.5,184.3999938964844,187.1000061035156,26628471.0,1.0,1.0
510,2024-01-24,186.8000030517578,190.1999969482422,184.0,189.25,14742783.0,1.0,1.0
511,2024-01-25,190.75,192.0,188.3000030517578,189.6999969482422,12592882.0,0.0,1.0
512,2024-01-29,190.0,193.6999969482422,187.5500030517578,190.8999938964844,28919512.0,1.0,0.0
513,2024-01-30,192.0,192.3500061035156,187.0,187.8999938964844,20894159.0,1.0,1.0
514,2024-01-31,188.1999969482422,189.1000061035156,184.8500061035156,185.8999938964844,23757415.0,0.0,1.0
515,2024-02-01,187.6999969482422,188.3999938964844,181.5500030517578,183.3999938964844,27835431.0,1.0,0.0
516,2024-02-02,185.0,187.75,183.8500061035156,184.6000061035156,27710061.0,1.0,1.0
517,2024-02-05,187.0,187.0,178.8000030517578,181.5500030517578,23880364.0,1.0,1.0
518,2024-02-06,182.3999938964844,183.5500030517578,180.6999969482422,183.1000061035156,12134363.0,0.0,1.0
519,2024-02-07,184.1499938964844,184.1499938964844,179.64999389648438,181.6999969482422,14192151.0,0.0,0.0
520,2024-02-08,182.1999969482422,187.1000061035156,181.75,184.8000030517578,29094709.0,1.0,0.0
521,2024-02-09,185.5,185.6999969482422,176.5,180.6499938964844,21081134.0,0.0,1.0
522,2024-02-12,181.25,183.1000061035156,173.64999389648438,174.64999389648438,19640568.0,1.0,0.0
523,2024-02-13,174.75,176.89999389648438,171.75,176.60000610351562,13961795.0,1.0,1.0
524,2024-02-14,177.25,182.1499938964844,175.3000030517578,181.6000061035156,23449380.0,1.0,1.0
525,2024-02-15,183.0,186.3000030517578,182.6000061035156,185.9499969482422,17335763.0,1.0,1.0
526,2024-02-16,189.0,190.3999938964844,186.8500061035156,188.3000030517578,29843059.0,0.0,1.0
527,2024-02-19,189.9499969482422,192.5,188.3000030517578,188.75,25343215.0,0.0,0.0
528,2024-02-20,189.1000061035156,191.4499969482422,186.25,190.6499938964844,17809897.0,0.0,0.0
529,2024-02-21,191.3000030517578,192.5500030517578,187.0,188.6999969482422,17870782.0,0.0,0.0
530,2024-02-22,189.75,196.0,188.6999969482422,194.75,31992371.0,0.0,0.0
531,2024-02-23,196.3000030517578,207.0,195.9499969482422,205.3000030517578,76179371.0,1.0,0.0
532,2024-02-26,205.6499938964844,206.8999938964844,202.8000030517578,204.25,27013630.0,1.0,1.0
533,2024-02-27,203.5500030517578,209.0,203.1000061035156,205.3500061035156,28877205.0,1.0,1.0
534,2024-02-28,206.1999969482422,209.0,201.4499969482422,205.6499938964844,38996363.0,0.0,1.0
535,2024-02-29,205.4499969482422,205.8999938964844,199.75,205.1000061035156,24059731.0,0.0,0.0
536,2024-03-01,205.9499969482422,208.0500030517578,204.8000030517578,205.6000061035156,12949604.0,0.0,0.0
537,2024-03-04,207.9499969482422,212.9499969482422,206.3500061035156,209.6000061035156,34272251.0,1.0,0.0
538,2024-03-05,211.0,213.75,209.8500061035156,210.75,24964592.0,0.0,1.0
539,2024-03-06,211.8000030517578,213.4499969482422,205.6000061035156,210.4499969482422,26236957.0,0.0,0.0
540,2024-03-07,211.4499969482422,216.8000030517578,211.1499938964844,215.1999969482422,41484038.0,1.0,0.0
541,2024-03-11,216.4499969482422,216.4499969482422,211.8999938964844,212.5500030517578,22800967.0,1.0,1.0
542,2024-03-12,211.0,211.3500061035156,201.5,204.25,34719550.0,0.0,1.0
543,2024-03-13,204.1000061035156,205.6000061035156,188.1999969482422,190.3000030517578,41620003.0,0.0,0.0
544,2024-03-14,189.0,197.1499938964844,186.25,195.25,34622781.0,0.0,0.0
545,2024-03-15,196.75,196.75,179.10000610351562,188.8500061035156,88781999.0,0.0,0.0
546,2024-03-18,190.0,192.0,187.0500030517578,189.8999938964844,22999225.0,0.0,0.0
547,2024-03-19,190.0,192.4499969482422,184.5500030517578,185.3999938964844,27819341.0,0.0,0.0
548,2024-03-20,186.8999938964844,187.9499969482422,182.5,187.4499969482422,16235947.0,0.0,0.0
549,2024-03-21,190.0,197.5,190.0,196.8500061035156,43152810.0,0.0,0.0
550,2024-03-22,196.5,198.9499969482422,192.75,197.5,31321524.0,1.0,0.0
551,2024-03-26,197.0,200.5,195.9499969482422,199.3999938964844,25723863.0,1.0,1.0
552,2024-03-27,200.0,203.9499969482422,198.0,199.4499969482422,37817130.0,1.0,1.0
553,2024-03-28,200.5,202.4499969482422,199.0,201.5,17425093.0,1.0,1.0
554,2024-04-01,205.0,212.75,203.75,211.1000061035156,45840349.0,1.0,1.0
555,2024-04-02,213.75,222.6499938964844,212.6000061035156,221.0,93873385.0,0.0,1.0
556,2024-04-03,221.6999969482422,225.4499969482422,218.8500061035156,221.5,47658754.0,1.0,0.0
557,2024-04-04,223.5,223.8999938964844,218.25,220.3000030517578,18279026.0,1.0,1.0
558,2024-04-05,220.3500061035156,226.0,218.75,224.5,25365958.0,0.0,1.0
559,2024-04-08,225.5500030517578,225.6999969482422,222.1000061035156,223.5500030517578,16422350.0,0.0,0.0
560,2024-04-09,224.8000030517578,228.8999938964844,221.1999969482422,228.1499938964844,29048035.0,0.0,0.0
561,2024-04-10,229.0,232.8500061035156,226.5,228.75,37218693.0,1.0,0.0
562,2024-04-12,231.3000030517578,235.3999938964844,230.5500030517578,233.5,57174716.0,1.0,1.0
563,2024-04-15,230.0,238.0,226.0,234.4499969482422,51676313.0,0.0,1.0
564,2024-04-16,232.5,236.9499969482422,230.0,233.4499969482422,32508661.0,0.0,0.0
565,2024-04-18,235.6000061035156,237.3999938964844,229.1999969482422,231.1499938964844,18623078.0,1.0,0.0
566,2024-04-19,228.5500030517578,234.5,225.6999969482422,233.3000030517578,27227241.0,1.0,1.0
567,2024-04-22,236.0,236.1499938964844,232.3000030517578,233.3000030517578,17549094.0,0.0,1.0
568,2024-04-23,234.25,236.1000061035156,231.75,234.3500061035156,19202860.0,0.0,0.0
569,2024-04-24,235.25,239.1499938964844,234.1000061035156,236.5,33392337.0,1.0,0.0
570,2024-04-25,236.3999938964844,240.0500030517578,235.4499969482422,237.6000061035156,16197834.0,1.0,1.0
571,2024-04-26,238.5,241.6499938964844,237.8999938964844,238.9499969482422,20473627.0,1.0,1.0
572,2024-04-29,240.1499938964844,240.1999969482422,234.8500061035156,235.3999938964844,19876408.0,1.0,1.0
573,2024-04-30,236.3000030517578,237.3000030517578,233.1999969482422,233.75,14514418.0,1.0,1.0
574,2024-05-02,234.6999969482422,237.3999938964844,230.75,234.75,19171145.0,1.0,1.0
575,2024-05-03,237.1000061035156,238.0,231.1499938964844,234.1000061035156,15782582.0,1.0,1.0
576,2024-05-06,235.1000061035156,235.8500061035156,230.0,231.8500061035156,32422021.0,1.0,1.0
577,2024-05-07,232.5,235.8000030517578,225.4499969482422,227.3999938964844,26418769.0,1.0,1.0
578,2024-05-08,227.1999969482422,232.6499938964844,224.6000061035156,231.6000061035156,18952985.0,1.0,1.0
579,2024-05-09,234.5,238.1999969482422,225.3000030517578,226.1999969482422,35229412.0,1.0,1.0
580,2024-05-10,227.8999938964844,228.5,223.1499938964844,227.1000061035156,18478580.0,1.0,1.0
581,2024-05-13,228.3999938964844,228.6999969482422,221.0,224.75,32874369.0,1.0,1.0
582,2024-05-14,225.75,231.8999938964844,225.75,230.9499969482422,23191411.0,1.0,1.0
583,2024-05-15,231.8000030517578,234.5,229.5500030517578,232.8500061035156,33045920.0,1.0,1.0
584,2024-05-16,234.75,240.0,227.5,237.8999938964844,55556781.0,1.0,1.0
585,2024-05-17,241.0,249.6499938964844,237.8500061035156,248.1999969482422,82231249.0,1.0,1.0
586,2024-05-21,283.0,283.0,271.04998779296875,274.1499938964844,127035921.0,1.0,1.0
587,2024-05-22,277.0,284.5,264.29998779296875,283.6000061035156,85801218.0,0.0,1.0
588,2024-05-23,286.29998779296875,293.29998779296875,283.20001220703125,288.5,70631009.0,0.0,0.0
589,2024-05-24,288.0,299.8999938964844,286.0,297.20001220703125,63609206.0,0.0,0.0
590,2024-05-27,301.75,303.20001220703125,289.6499938964844,294.45001220703125,49890427.0,0.0,0.0
591,2024-05-28,295.70001220703125,295.75,285.04998779296875,289.1000061035156,33893805.0,0.0,0.0
592,2024-05-29,285.3999938964844,293.95001220703125,285.0,292.1499938964844,31645904.0,0.0,0.0
593,2024-05-30,293.0,296.29998779296875,289.6499938964844,290.6499938964844,42769599.0,0.0,0.0
594,2024-05-31,294.20001220703125,297.20001220703125,286.29998779296875,295.95001220703125,51397345.0,0.0,0.0
595,2024-06-03,323.0,323.0,309.29998779296875,318.6499938964844,67256146.0,1.0,0.0
596,2024-06-04,312.0,312.0,230.0500030517578,255.5500030517578,268052657.0,0.0,1.0
597,2024-06-05,264.5,264.5,230.0,260.3500061035156,193487058.0,0.0,0.0
598,2024-06-06,267.0,281.5,267.0,273.6499938964844,95502477.0,0.0,0.0
599,2024-06-07,274.0,284.54998779296875,268.70001220703125,283.20001220703125,60109827.0,1.0,0.0
600,2024-06-10,288.8999938964844,292.0,281.1000061035156,283.3999938964844,42363741.0,0.0,1.0
601,2024-06-11,287.0,290.5,285.3500061035156,286.20001220703125,32269277.0,0.0,0.0
602,2024-06-12,287.8999938964844,293.0,286.04998779296875,290.5,33990756.0,0.0,0.0
603,2024-06-13,293.8999938964844,303.0,287.04998779296875,300.8999938964844,49511492.0,0.0,0.0
604,2024-06-14,305.0,310.5,301.5,309.6000061035156,67366844.0,0.0,0.0
605,2024-06-18,313.0,321.0,312.25,318.25,64859245.0,0.0,0.0
606,2024-06-19,319.8999938964844,319.8999938964844,304.1000061035156,309.29998779296875,58698689.0,0.0,0.0
607,2024-06-20,309.79998779296875,313.3500061035156,302.25,311.8999938964844,39505506.0,0.0,0.0
608,2024-06-21,312.70001220703125,314.0,304.1000061035156,304.95001220703125,37620968.0,0.0,0.0
609,2024-06-24,304.79998779296875,311.8999938964844,297.45001220703125,309.75,39139609.0,0.0,0.0
610,2024-06-25,310.8999938964844,314.95001220703125,309.20001220703125,309.70001220703125,29124110.0,0.0,0.0
611,2024-06-26,310.0,311.5,305.8500061035156,306.8500061035156,24238007.0,0.0,0.0
612,2024-06-27,306.1000061035156,308.1499938964844,301.20001220703125,304.5,39996580.0,1.0,0.0
613,2024-06-28,306.0,309.79998779296875,302.75,305.8999938964844,24256902.0,1.0,1.0
614,2024-07-01,310.95001220703125,312.5,305.8500061035156,307.6499938964844,39495237.0,1.0,1.0
615,2024-07-02,309.0,309.0,303.0,306.1000061035156,23974162.0,1.0,1.0
616,2024-07-03,307.0,315.45001220703125,305.75,314.5,44919849.0,1.0,1.0
617,2024-07-04,317.3999938964844,318.5,313.04998779296875,317.3500061035156,35591681.0,1.0,1.0
618,2024-07-05,317.6499938964844,326.79998779296875,314.5,324.04998779296875,63125211.0,1.0,1.0
619,2024-07-08,328.45001220703125,335.79998779296875,325.6000061035156,334.6000061035156,70983243.0,1.0,1.0
620,2024-07-09,338.0,339.3500061035156,328.70001220703125,334.79998779296875,52225572.0,0.0,1.0
621,2024-07-10,340.0,340.5,324.1499938964844,333.8500061035156,46779965.0,1.0,0.0
622,2024-07-11,335.5,338.20001220703125,333.0,335.5,31919433.0,0.0,1.0
623,2024-07-12,336.8999938964844,337.5,328.1000061035156,333.1000061035156,24517961.0,1.0,0.0
624,2024-07-15,336.0,336.04998779296875,331.0,331.3999938964844,22021426.0,1.0,1.0
625,2024-07-16,333.25,334.3999938964844,324.5,326.1499938964844,26585927.0,1.0,1.0
626,2024-07-18,326.5,326.70001220703125,312.29998779296875,313.54998779296875,48043715.0,1.0,1.0
627,2024-07-19,309.8999938964844,316.8999938964844,305.0,306.29998779296875,43313606.0,1.0,1.0
628,2024-07-22,306.0,314.70001220703125,297.29998779296875,312.29998779296875,39386992.0,1.0,1.0
629,2024-07-23,317.0,317.0,281.1000061035156,301.45001220703125,76513131.0,1.0,1.0
630,2024-07-24,302.5,306.5,299.29998779296875,300.1000061035156,24099148.0,1.0,1.0
631,2024-07-25,297.95001220703125,303.3999938964844,293.3999938964844,301.45001220703125,27820556.0,0.0,1.0
632,2024-07-26,303.79998779296875,310.5,302.0,309.8999938964844,24512844.0,1.0,0.0
633,2024-07-29,312.79998779296875,325.6000061035156,310.8500061035156,321.3500061035156,51391698.0,1.0,1.0
634,2024-07-30,325.20001220703125,326.54998779296875,317.6000061035156,318.1000061035156,41111245.0,0.0,1.0
635,2024-07-31,319.8999938964844,320.6000061035156,315.45001220703125,316.04998779296875,25709971.0,1.0,0.0
636,2024-08-01,317.70001220703125,317.70001220703125,308.04998779296875,311.1499938964844,28141436.0,1.0,1.0
637,2024-08-02,305.29998779296875,308.70001220703125,301.70001220703125,302.95001220703125,26155604.0,0.0,1.0
638,2024-08-05,289.8500061035156,297.45001220703125,285.0,290.25,50390560.0,1.0,0.0
639,2024-08-06,292.0,302.6000061035156,286.3500061035156,287.25,39171936.0,0.0,1.0
640,2024-08-07,295.5,301.0,289.79998779296875,300.20001220703125,22199473.0,0.0,0.0
641,2024-08-08,301.0,302.70001220703125,297.1499938964844,298.25,21963656.0,0.0,0.0
642,2024-08-09,302.5,305.0,300.6499938964844,302.20001220703125,15551076.0,0.0,0.0
643,2024-08-12,299.0,303.6499938964844,298.25,301.3999938964844,15361379.0,0.0,0.0
644,2024-08-13,302.0,302.6499938964844,295.3999938964844,296.1499938964844,14746085.0,0.0,0.0
645,2024-08-14,296.1499938964844,297.04998779296875,290.6499938964844,293.70001220703125,16641055.0,1.0,0.0
646,2024-08-16,296.5,303.8999938964844,296.0,303.29998779296875,21353408.0,1.0,1.0
647,2024-08-19,304.79998779296875,305.54998779296875,301.1000061035156,302.1499938964844,12232725.0,1.0,1.0
648,2024-08-20,302.1499938964844,304.5,297.79998779296875,303.1499938964844,14183642.0,1.0,1.0
649,2024-08-21,303.0,306.75,302.54998779296875,305.3999938964844,11862616.0,1.0,1.0
650,2024-08-22,306.3999938964844,306.8999938964844,303.5,304.5,13074829.0,1.0,1.0
651,2024-08-23,305.5,309.20001220703125,304.1000061035156,306.0,21891698.0,0.0,1.0
652,2024-08-26,308.70001220703125,308.8999938964844,305.79998779296875,306.70001220703125,15280637.0,0.0,0.0
653,2024-08-27,306.6000061035156,307.45001220703125,299.6000061035156,300.8999938964844,16873099.0,0.0,0.0
654,2024-08-28,301.04998779296875,304.5,299.5,299.95001220703125,14005947.0,1.0,0.0
655,2024-08-29,299.3500061035156,301.04998779296875,292.1000061035156,296.20001220703125,19185385.0,0.0,1.0
656,2024-08-30,296.79998779296875,302.1499938964844,294.3500061035156,299.29998779296875,28684991.0,0.0,0.0
657,2024-09-02,301.95001220703125,301.95001220703125,295.04998779296875,296.8999938964844,11713172.0,0.0,0.0
658,2024-09-03,300.0,301.3500061035156,296.75,297.1499938964844,13971488.0,0.0,0.0
659,2024-09-04,297.1499938964844,301.8999938964844,295.29998779296875,298.95001220703125,17937646.0,0.0,0.0
660,2024-09-05,299.0,299.5,290.0,290.6000061035156,26342723.0,1.0,0.0
661,2024-09-06,290.3500061035156,290.3500061035156,282.04998779296875,283.6000061035156,30062372.0,0.0,1.0
662,2024-09-09,282.0,284.5,275.75,281.54998779296875,29170063.0,1.0,0.0
663,2024-09-10,282.5,288.3500061035156,282.29998779296875,285.75,19982334.0,1.0,1.0
664,2024-09-11,286.45001220703125,290.45001220703125,284.3500061035156,288.04998779296875,21650737.0,0.0,1.0
665,2024-09-12,290.8999938964844,292.5,289.0,291.70001220703125,16102095.0,1.0,0.0
666,2024-09-13,293.0,294.0,289.6000061035156,289.95001220703125,12330463.0,1.0,1.0
667,2024-09-16,290.8999938964844,292.20001220703125,288.3999938964844,290.3999938964844,9184637.0,1.0,1.0
668,2024-09-17,290.5,290.8500061035156,283.8999938964844,284.29998779296875,15946216.0,0.0,1.0
669,2024-09-18,284.8999938964844,286.0,280.3999938964844,282.8500061035156,10450571.0,1.0,0.0
670,2024-09-19,284.0,284.8500061035156,267.1000061035156,272.70001220703125,44560220.0,1.0,1.0
671,2024-09-20,274.0,279.3999938964844,272.8500061035156,277.3500061035156,38501362.0,1.0,1.0
672,2024-09-23,280.0,286.70001220703125,278.6499938964844,286.29998779296875,19445968.0,0.0,1.0
673,2024-09-24,286.29998779296875,293.3999938964844,284.54998779296875,291.79998779296875,25346532.0,0.0,0.0
674,2024-09-25,294.0,295.0,287.6499938964844,289.8500061035156,19263084.0,0.0,0.0
675,2024-09-26,290.6000061035156,291.8999938964844,289.04998779296875,290.5,18343882.0,0.0,0.0
676,2024-09-27,292.3500061035156,294.8500061035156,289.20001220703125,293.45001220703125,208588855.0,1.0,0.0
677,2024-09-30,293.45001220703125,294.6000061035156,283.6000061035156,285.1000061035156,32695169.0,0.0,1.0
678,2024-10-01,285.1000061035156,286.6000061035156,282.54998779296875,283.95001220703125,13883476.0,1.0,0.0
679,2024-10-03,275.04998779296875,286.29998779296875,275.04998779296875,278.70001220703125,27321529.0,1.0,1.0
680,2024-10-04,278.70001220703125,281.8999938964844,273.54998779296875,277.20001220703125,17451235.0,1.0,1.0
681,2024-10-07,277.3999938964844,278.8999938964844,265.0,267.3500061035156,21704629.0,1.0,1.0
682,2024-10-08,267.0,281.5,265.54998779296875,280.25,29190708.0,0.0,1.0
683,2024-10-09,282.0,286.6000061035156,278.5,282.3999938964844,18984175.0,1.0,0.0
684,2024-10-10,283.95001220703125,289.6000061035156,283.3999938964844,286.8999938964844,19155691.0,1.0,1.0
685,2024-10-11,287.20001220703125,288.6499938964844,284.1499938964844,285.8999938964844,9677338.0,0.0,1.0
686,2024-10-14,286.1000061035156,289.20001220703125,284.6499938964844,285.70001220703125,11386559.0,0.0,0.0
687,2024-10-15,287.1499938964844,289.45001220703125,285.75,288.8500061035156,14701531.0,1.0,0.0
688,2024-10-16,288.1499938964844,291.04998779296875,284.75,285.70001220703125,11835439.0,1.0,1.0
689,2024-10-17,286.04998779296875,287.8999938964844,281.70001220703125,284.54998779296875,11695551.0,1.0,1.0
690,2024-10-18,282.8999938964844,287.79998779296875,277.79998779296875,287.1499938964844,10095514.0,1.0,1.0
691,2024-10-21,286.29998779296875,287.45001220703125,281.1000061035156,282.29998779296875,8393942.0,1.0,1.0
692,2024-10-22,282.0,282.1499938964844,270.6499938964844,271.6499938964844,15240897.0,0.0,1.0
693,2024-10-23,271.0,274.70001220703125,266.29998779296875,268.6499938964844,13503954.0,1.0,0.0
694,2024-10-24,269.0,273.1499938964844,268.3500061035156,271.3500061035156,10700271.0,1.0,1.0
695,2024-10-25,271.0,276.0,257.45001220703125,272.3500061035156,40406841.0,1.0,1.0
696,2024-10-28,276.70001220703125,277.95001220703125,267.3999938964844,270.04998779296875,24479817.0,1.0,1.0
697,2024-10-29,271.20001220703125,284.5,270.8500061035156,283.6499938964844,34271117.0,0.0,1.0
698,2024-10-30,283.45001220703125,294.75,282.04998779296875,288.54998779296875,40787587.0,0.0,0.0
699,2024-10-31,287.95001220703125,288.45001220703125,283.75,284.8999938964844,18720310.0,0.0,0.0
700,2024-11-01,286.6499938964844,290.25,286.0,288.6499938964844,5265231.0,0.0,0.0
701,2024-11-04,289.0,289.0,280.29998779296875,284.1499938964844,15157659.0,0.0,0.0
702,2024-11-05,282.5,287.20001220703125,277.1499938964844,286.3500061035156,18761867.0,0.0,0.0
703,2024-11-06,287.5,304.29998779296875,287.20001220703125,301.8500061035156,52804364.0,0.0,0.0
704,2024-11-07,301.0,302.0,296.1000061035156,300.3500061035156,24357284.0,0.0,0.0
705,2024-11-08,300.3500061035156,304.5,295.75,297.75,22935845.0,0.0,0.0
706,2024-11-11,297.5,303.79998779296875,294.3999938964844,299.75,20155408.0,0.0,0.0
707,2024-11-12,300.0,300.8500061035156,287.29998779296875,290.1499938964844,14292965.0,0.0,0.0
708,2024-11-13,288.0,288.8500061035156,279.45001220703125,281.54998779296875,20001842.0,0.0,0.0
709,2024-11-14,282.0,284.45001220703125,275.5,280.95001220703125,20541591.0,1.0,0.0
710,2024-11-18,283.0,286.70001220703125,277.25,278.04998779296875,12999925.0,1.0,1.0
711,2024-11-19,280.0,285.20001220703125,277.0,279.0,13160982.0,1.0,1.0
712,2024-11-21,278.45001220703125,278.45001220703125,270.25,275.45001220703125,14858108.0,1.0,1.0
713,2024-11-22,276.0,283.5,275.5,280.8500061035156,13268900.0,1.0,1.0
714,2024-11-25,290.0,299.0,287.95001220703125,292.3500061035156,49366681.0,0.0,1.0
715,2024-11-26,294.0,301.0,293.1499938964844,297.8999938964844,27347402.0,1.0,0.0
716,2024-11-27,298.8500061035156,307.95001220703125,297.45001220703125,307.3500061035156,39464505.0,1.0,1.0
717,2024-11-28,308.0,309.5,304.3500061035156,305.75,27772319.0,1.0,1.0
718,2024-11-29,305.70001220703125,310.6000061035156,305.0,308.0,23241947.0,1.0,1.0
719,2024-12-02,307.79998779296875,309.3999938964844,303.29998779296875,306.8999938964844,15549685.0,1.0,1.0
720,2024-12-03,309.0,312.75,307.79998779296875,312.1000061035156,21405136.0,0.0,1.0
721,2024-12-04,316.0,320.8500061035156,311.20001220703125,312.8500061035156,41441172.0,1.0,0.0
722,2024-12-05,314.0,315.3999938964844,310.6000061035156,314.5,17911694.0,1.0,1.0
723,2024-12-06,314.5,315.8500061035156,313.1000061035156,313.75,8359798.0,1.0,1.0
724,2024-12-09,313.6000061035156,317.1000061035156,313.25,314.6000061035156,11830104.0,1.0,1.0
725,2024-12-10,317.54998779296875,318.29998779296875,314.0,314.8500061035156,15811501.0,1.0,1.0
726,2024-12-11,314.8999938964844,316.5,313.0,314.1000061035156,9281006.0,0.0,1.0
727,2024-12-12,313.54998779296875,316.0,312.1000061035156,312.95001220703125,10978047.0,0.0,0.0
728,2024-12-13,313.0,316.3500061035156,308.1499938964844,315.6499938964844,15557064.0,0.0,0.0
729,2024-12-16,315.79998779296875,317.3500061035156,314.0,316.20001220703125,10543307.0,0.0,0.0
730,2024-12-17,315.54998779296875,318.6499938964844,310.0,310.6000061035156,18053073.0,0.0,0.0
731,2024-12-18,310.20001220703125,310.6000061035156,301.6499938964844,303.79998779296875,16598070.0,1.0,0.0
732,2024-12-19,295.0,300.45001220703125,295.0,298.5,13349532.0,1.0,1.0
733,2024-12-20,298.0,302.1000061035156,289.3500061035156,290.8500061035156,14964305.0,1.0,1.0
734,2024-12-23,294.0,295.29998779296875,288.0,294.3500061035156,10201072.0,1.0,1.0
735,2024-12-24,296.25,297.3500061035156,291.5,292.45001220703125,10685518.0,0.0,1.0
